step,rollout/ep_len_mean,rollout/ep_rew_mean,time/fps,train/approx_kl,train/clip_fraction,train/clip_range,train/entropy_loss,train/explained_variance,train/learning_rate,train/loss,train/policy_gradient_loss,train/value_loss,run,icm/fwd_loss,icm/inv_loss,icm/reward_intrinsic_mean
8192,173.04444885253906,1.4111111164093018,136.0,,,,,,,,,,ppo_baseline_crafter,,,
16384,174.09890747070312,1.5175824165344238,122.0,0.019865786656737328,0.12252197414636612,0.20000000298023224,-2.8134398460388184,-0.11277580261230469,0.0003000000142492354,-0.0012295842170715332,-0.020587200298905373,0.07050865143537521,ppo_baseline_crafter,,,
24576,180.02000427246094,1.559999942779541,118.0,0.022303428500890732,0.22127684950828552,0.20000000298023224,-2.7265124320983887,0.4188104271888733,0.0003000000142492354,-0.024051200598478317,-0.032542385160923004,0.06274445354938507,ppo_baseline_crafter,,,
32768,178.52999877929688,1.5800000429153442,116.0,0.03688588738441467,0.30223387479782104,0.20000000298023224,-2.6678853034973145,0.5719194412231445,0.0003000000142492354,-0.05159522220492363,-0.04910756275057793,0.05470971763134003,ppo_baseline_crafter,,,
40960,179.72000122070312,1.9199999570846558,116.0,0.03751026839017868,0.34685057401657104,0.20000000298023224,-2.644921064376831,0.6877474784851074,0.0003000000142492354,-0.10349728167057037,-0.05691254884004593,0.053867775946855545,ppo_baseline_crafter,,,
49152,176.0800018310547,2.2899999618530273,114.0,0.04022282361984253,0.3721069395542145,0.20000000298023224,-2.6247270107269287,0.7721456289291382,0.0003000000142492354,-0.06874443590641022,-0.05676576495170593,0.06137298420071602,ppo_baseline_crafter,,,
57344,172.55999755859375,2.4100000858306885,113.0,0.04676387459039688,0.41522216796875,0.20000000298023224,-2.5835280418395996,0.743195652961731,0.0003000000142492354,-0.07281196117401123,-0.065292589366436,0.06652497500181198,ppo_baseline_crafter,,,
65536,174.74000549316406,2.5299999713897705,113.0,0.05007430538535118,0.4192748963832855,0.20000000298023224,-2.589690923690796,0.7350088357925415,0.0003000000142492354,-0.09904500842094421,-0.06601870805025101,0.06580036133527756,ppo_baseline_crafter,,,
73728,177.25,2.7300000190734863,113.0,0.060116253793239594,0.4607299864292145,0.20000000298023224,-2.5334646701812744,0.7820532321929932,0.0003000000142492354,-0.09805406630039215,-0.07046271115541458,0.0581236332654953,ppo_baseline_crafter,,,
81920,175.10000610351562,2.549999952316284,112.0,0.06425978243350983,0.486572265625,0.20000000298023224,-2.5220205783843994,0.8043983578681946,0.0003000000142492354,-0.11673542857170105,-0.07289624959230423,0.05602475628256798,ppo_baseline_crafter,,,
90112,180.47000122070312,2.890000104904175,112.0,0.07134679704904556,0.49421387910842896,0.20000000298023224,-2.5008883476257324,0.8118891716003418,0.0003000000142492354,-0.1074148565530777,-0.07485748827457428,0.05166298896074295,ppo_baseline_crafter,,,
98304,185.38999938964844,3.2300000190734863,112.0,0.07362829148769379,0.5127197504043579,0.20000000298023224,-2.4685897827148438,0.8045933842658997,0.0003000000142492354,-0.09679954499006271,-0.07474903762340546,0.058079447597265244,ppo_baseline_crafter,,,
106496,185.1199951171875,3.390000104904175,113.0,0.08318629860877991,0.53192138671875,0.20000000298023224,-2.4488933086395264,0.8209559917449951,0.0003000000142492354,-0.10311027616262436,-0.07659024000167847,0.04732593894004822,ppo_baseline_crafter,,,
114688,182.47000122070312,3.5299999713897705,113.0,0.08748270571231842,0.5480102300643921,0.20000000298023224,-2.402902603149414,0.8448629379272461,0.0003000000142492354,-0.09934008121490479,-0.0771164819598198,0.04680131748318672,ppo_baseline_crafter,,,
122880,177.36000061035156,3.7300000190734863,113.0,0.08805634826421738,0.5398315191268921,0.20000000298023224,-2.391399621963501,0.8560352921485901,0.0003000000142492354,-0.10074704885482788,-0.07608582824468613,0.04981950297951698,ppo_baseline_crafter,,,
131072,177.27999877929688,3.869999885559082,114.0,0.09548147767782211,0.5613647699356079,0.20000000298023224,-2.346177816390991,0.8539000153541565,0.0003000000142492354,-0.11035960167646408,-0.07828628271818161,0.04791536554694176,ppo_baseline_crafter,,,
139264,179.57000732421875,3.859999895095825,114.0,0.09925396740436554,0.5666137933731079,0.20000000298023224,-2.326003074645996,0.8596318960189819,0.0003000000142492354,-0.0923304632306099,-0.07612241059541702,0.047567032277584076,ppo_baseline_crafter,,,
147456,177.1300048828125,3.9800000190734863,113.0,0.09614972770214081,0.5484374761581421,0.20000000298023224,-2.3410751819610596,0.8577171564102173,0.0003000000142492354,-0.08427537977695465,-0.07621553540229797,0.04793187975883484,ppo_baseline_crafter,,,
155648,181.1300048828125,4.050000190734863,114.0,0.09894539415836334,0.567639172077179,0.20000000298023224,-2.2977213859558105,0.8665768504142761,0.0003000000142492354,-0.08155867457389832,-0.07667172700166702,0.050719648599624634,ppo_baseline_crafter,,,
163840,185.24000549316406,4.400000095367432,114.0,0.10141324996948242,0.556323230266571,0.20000000298023224,-2.2800912857055664,0.8929284811019897,0.0003000000142492354,-0.07044865936040878,-0.07851092517375946,0.04502229392528534,ppo_baseline_crafter,,,
172032,181.33999633789062,4.449999809265137,114.0,0.1052742451429367,0.556286633014679,0.20000000298023224,-2.2277989387512207,0.883630633354187,0.0003000000142492354,-0.0603063739836216,-0.07256916165351868,0.053327400237321854,ppo_baseline_crafter,,,
180224,179.77999877929688,4.409999847412109,115.0,0.11296035349369049,0.5788329839706421,0.20000000298023224,-2.196420431137085,0.8883437514305115,0.0003000000142492354,-0.02177128568291664,-0.07639426738023758,0.048461757600307465,ppo_baseline_crafter,,,
188416,179.35000610351562,4.570000171661377,115.0,0.11181604862213135,0.57318115234375,0.20000000298023224,-2.168836832046509,0.9137040376663208,0.0003000000142492354,-0.11808790266513824,-0.07904716581106186,0.04417930170893669,ppo_baseline_crafter,,,
196608,178.49000549316406,4.659999847412109,115.0,0.10381701588630676,0.5601562261581421,0.20000000298023224,-2.1654303073883057,0.904768705368042,0.0003000000142492354,-0.10125221312046051,-0.07163069397211075,0.050747666507959366,ppo_baseline_crafter,,,
204800,174.52000427246094,4.659999847412109,115.0,0.11632197350263596,0.572741687297821,0.20000000298023224,-2.163919687271118,0.924289345741272,0.0003000000142492354,-0.10100610554218292,-0.07641935348510742,0.038091596215963364,ppo_baseline_crafter,,,
212992,178.9600067138672,4.679999828338623,114.0,0.10554493963718414,0.564562976360321,0.20000000298023224,-2.1483993530273438,0.9317858219146729,0.0003000000142492354,-0.09643054008483887,-0.0742686465382576,0.0303413737565279,ppo_baseline_crafter,,,
221184,181.8300018310547,4.820000171661377,114.0,0.10609444230794907,0.5665527582168579,0.20000000298023224,-2.1562697887420654,0.9298022389411926,0.0003000000142492354,-0.06498907506465912,-0.07527393102645874,0.02983006462454796,ppo_baseline_crafter,,,
229376,177.67999267578125,4.940000057220459,114.0,0.11479714512825012,0.571093738079071,0.20000000298023224,-2.125251531600952,0.929897129535675,0.0003000000142492354,-0.07829324156045914,-0.0786595568060875,0.03556464612483978,ppo_baseline_crafter,,,
237568,177.2899932861328,4.989999771118164,114.0,0.11119230836629868,0.559826672077179,0.20000000298023224,-2.150670051574707,0.9067732691764832,0.0003000000142492354,-0.09026506543159485,-0.07619365304708481,0.0452113002538681,ppo_baseline_crafter,,,
245760,180.19000244140625,5.179999828338623,114.0,0.11522728204727173,0.572741687297821,0.20000000298023224,-2.1425790786743164,0.9190027117729187,0.0003000000142492354,-0.07495508342981339,-0.07805570960044861,0.0368623249232769,ppo_baseline_crafter,,,
253952,187.97000122070312,5.340000152587891,114.0,0.1110786646604538,0.564868152141571,0.20000000298023224,-2.1428396701812744,0.9268372058868408,0.0003000000142492354,-0.07865024358034134,-0.0758814662694931,0.04529803991317749,ppo_baseline_crafter,,,
262144,187.7899932861328,5.449999809265137,114.0,0.11173148453235626,0.55572509765625,0.20000000298023224,-2.1442251205444336,0.9308132529258728,0.0003000000142492354,-0.09252183139324188,-0.0742596983909607,0.04451071843504906,ppo_baseline_crafter,,,
270336,186.8000030517578,5.610000133514404,114.0,0.10896284878253937,0.5689697265625,0.20000000298023224,-2.139072895050049,0.9438236951828003,0.0003000000142492354,-0.10786328464746475,-0.07501508295536041,0.03732253983616829,ppo_baseline_crafter,,,
278528,180.4600067138672,5.769999980926514,114.0,0.10463027656078339,0.5600951910018921,0.20000000298023224,-2.1153228282928467,0.9489849209785461,0.0003000000142492354,-0.08948563039302826,-0.07242007553577423,0.035268738865852356,ppo_baseline_crafter,,,
286720,183.5399932861328,5.909999847412109,114.0,0.10852047055959702,0.5570434331893921,0.20000000298023224,-2.072997570037842,0.9545819163322449,0.0003000000142492354,-0.08021871000528336,-0.07244620472192764,0.03275696188211441,ppo_baseline_crafter,,,
294912,194.88999938964844,5.96999979019165,114.0,0.10683770477771759,0.5490967035293579,0.20000000298023224,-2.0747876167297363,0.9491569995880127,0.0003000000142492354,-0.08412183821201324,-0.07098115980625153,0.03577028587460518,ppo_baseline_crafter,,,
303104,194.41000366210938,5.900000095367432,115.0,0.10204540193080902,0.5542846918106079,0.20000000298023224,-2.125903606414795,0.9569059610366821,0.0003000000142492354,-0.08235303312540054,-0.0708945170044899,0.03375948220491409,ppo_baseline_crafter,,,
311296,183.67999267578125,5.670000076293945,115.0,0.10144882649183273,0.5414794683456421,0.20000000298023224,-2.024369716644287,0.9568730592727661,0.0003000000142492354,-0.09728474169969559,-0.0666179433465004,0.03857281059026718,ppo_baseline_crafter,,,
319488,181.7100067138672,5.710000038146973,115.0,0.10348954796791077,0.5484619140625,0.20000000298023224,-2.016268491744995,0.9628674387931824,0.0003000000142492354,-0.05470305681228638,-0.06871430575847626,0.034852027893066406,ppo_baseline_crafter,,,
327680,186.83999633789062,5.889999866485596,115.0,0.10915567725896835,0.5509033203125,0.20000000298023224,-2.0609805583953857,0.966610848903656,0.0003000000142492354,-0.08020992577075958,-0.06565172970294952,0.037004560232162476,ppo_baseline_crafter,,,
335872,185.25999450683594,5.980000019073486,115.0,0.11132044345140457,0.552172839641571,0.20000000298023224,-2.0295865535736084,0.961703896522522,0.0003000000142492354,-0.08550254255533218,-0.06281901150941849,0.03939436003565788,ppo_baseline_crafter,,,
344064,185.4199981689453,5.849999904632568,115.0,0.10752493143081665,0.544055163860321,0.20000000298023224,-2.0117084980010986,0.9582358598709106,0.0003000000142492354,-0.060531385242938995,-0.06492608040571213,0.048188213258981705,ppo_baseline_crafter,,,
352256,184.5399932861328,5.639999866485596,115.0,0.10804334282875061,0.539685070514679,0.20000000298023224,-2.004356861114502,0.9397129416465759,0.0003000000142492354,-0.05776625871658325,-0.058177314698696136,0.06699685752391815,ppo_baseline_crafter,,,
360448,188.94000244140625,5.550000190734863,115.0,0.1283499002456665,0.573559582233429,0.20000000298023224,-1.9729564189910889,0.9300273060798645,0.0003000000142492354,-0.07738529145717621,-0.06653489172458649,0.05677894502878189,ppo_baseline_crafter,,,
368640,192.49000549316406,5.789999961853027,115.0,0.11842050403356552,0.553210437297821,0.20000000298023224,-1.969366431236267,0.9507224559783936,0.0003000000142492354,-0.028477434068918228,-0.06043427437543869,0.04405887797474861,ppo_baseline_crafter,,,
376832,192.41000366210938,5.869999885559082,115.0,0.11091318726539612,0.5608764886856079,0.20000000298023224,-1.994795322418213,0.9554995894432068,0.0003000000142492354,-0.06394950300455093,-0.06342887133359909,0.044518206268548965,ppo_baseline_crafter,,,
385024,190.39999389648438,5.769999980926514,115.0,0.11904557794332504,0.5626220703125,0.20000000298023224,-1.998706340789795,0.9594915509223938,0.0003000000142492354,-0.10508514195680618,-0.06629006564617157,0.03313486650586128,ppo_baseline_crafter,,,
393216,189.58999633789062,5.639999866485596,115.0,0.11326111853122711,0.557421863079071,0.20000000298023224,-2.0756773948669434,0.9489294290542603,0.0003000000142492354,-0.0951908752322197,-0.06798992305994034,0.03795059770345688,ppo_baseline_crafter,,,
401408,189.27000427246094,5.400000095367432,115.0,0.11906573176383972,0.56903076171875,0.20000000298023224,-2.0542101860046387,0.9224427342414856,0.0003000000142492354,-0.11904114484786987,-0.07257042825222015,0.05341126397252083,ppo_baseline_crafter,,,
409600,189.9499969482422,5.480000019073486,115.0,0.11998848617076874,0.571582019329071,0.20000000298023224,-2.0521419048309326,0.9398087859153748,0.0003000000142492354,-0.11581911891698837,-0.07542991638183594,0.04143926873803139,ppo_baseline_crafter,,,
417792,192.0399932861328,5.599999904632568,115.0,0.11405384540557861,0.563793957233429,0.20000000298023224,-2.0104148387908936,0.9453787207603455,0.0003000000142492354,-0.011975336819887161,-0.06881511956453323,0.04848885536193848,ppo_baseline_crafter,,,
425984,194.0800018310547,5.800000190734863,115.0,0.11265625059604645,0.564135730266571,0.20000000298023224,-2.0299148559570312,0.9527426362037659,0.0003000000142492354,-0.07393239438533783,-0.0705280601978302,0.03893916681408882,ppo_baseline_crafter,,,
434176,196.6199951171875,5.849999904632568,115.0,0.11689075082540512,0.55816650390625,0.20000000298023224,-1.9947891235351562,0.9586315155029297,0.0003000000142492354,-0.08209163695573807,-0.06679104268550873,0.036639176309108734,ppo_baseline_crafter,,,
442368,192.13999938964844,5.980000019073486,115.0,0.11688654124736786,0.5727173089981079,0.20000000298023224,-1.9699679613113403,0.9711196422576904,0.0003000000142492354,-0.1030568927526474,-0.06846433877944946,0.029299885034561157,ppo_baseline_crafter,,,
450560,185.57000732421875,5.920000076293945,114.0,0.11782559752464294,0.558911144733429,0.20000000298023224,-1.9513975381851196,0.9622776508331299,0.0003000000142492354,-0.06972146034240723,-0.06487899273633957,0.038195185363292694,ppo_baseline_crafter,,,
458752,179.69000244140625,5.619999885559082,114.0,0.11627282947301865,0.55059814453125,0.20000000298023224,-1.964738130569458,0.9561866521835327,0.0003000000142492354,-0.08291798084974289,-0.06618603318929672,0.04240972548723221,ppo_baseline_crafter,,,
466944,180.27999877929688,5.679999828338623,114.0,0.11656977981328964,0.548107922077179,0.20000000298023224,-1.938136339187622,0.9479876160621643,0.0003000000142492354,-0.07783456146717072,-0.06234293431043625,0.05336161330342293,ppo_baseline_crafter,,,
475136,184.25999450683594,5.739999771118164,114.0,0.11034271121025085,0.5409911870956421,0.20000000298023224,-1.9162626266479492,0.9544754028320312,0.0003000000142492354,0.007747624069452286,-0.05490848422050476,0.04108929634094238,ppo_baseline_crafter,,,
483328,192.14999389648438,5.710000038146973,115.0,0.12349903583526611,0.561999499797821,0.20000000298023224,-1.993252158164978,0.9561149477958679,0.0003000000142492354,-0.09768224507570267,-0.06673238426446915,0.03397953882813454,ppo_baseline_crafter,,,
491520,193.07000732421875,5.699999809265137,115.0,0.11869870126247406,0.560412585735321,0.20000000298023224,-1.954533338546753,0.9675390720367432,0.0003000000142492354,-0.09476352483034134,-0.07054412364959717,0.02683245949447155,ppo_baseline_crafter,,,
499712,197.89999389648438,5.849999904632568,115.0,0.11421135067939758,0.5501953363418579,0.20000000298023224,-1.9952564239501953,0.9572956562042236,0.0003000000142492354,-0.09336642920970917,-0.06866265088319778,0.03802894428372383,ppo_baseline_crafter,,,
507904,190.27000427246094,5.760000228881836,115.0,0.11447949707508087,0.5489746332168579,0.20000000298023224,-1.9280200004577637,0.9525550007820129,0.0003000000142492354,-0.08906944841146469,-0.06534858047962189,0.04843170568346977,ppo_baseline_crafter,,,
516096,188.1999969482422,5.800000190734863,115.0,0.11731460690498352,0.552319347858429,0.20000000298023224,-1.859457015991211,0.9562220573425293,0.0003000000142492354,-0.06886175274848938,-0.06436702609062195,0.03856241703033447,ppo_baseline_crafter,,,
524288,186.0500030517578,5.929999828338623,115.0,0.11210151761770248,0.5572875738143921,0.20000000298023224,-1.8738020658493042,0.9558457732200623,0.0003000000142492354,-0.08071130514144897,-0.06441126018762589,0.05078352987766266,ppo_baseline_crafter,,,
532480,196.88999938964844,5.829999923706055,115.0,0.11753206700086594,0.5672607421875,0.20000000298023224,-1.8730283975601196,0.9582487940788269,0.0003000000142492354,-0.08692768216133118,-0.06236208975315094,0.04317546263337135,ppo_baseline_crafter,,,
540672,198.27999877929688,5.420000076293945,116.0,0.12360115349292755,0.567492663860321,0.20000000298023224,-1.8931556940078735,0.9452574849128723,0.0003000000142492354,-0.06690279394388199,-0.06385237723588943,0.03896757960319519,ppo_baseline_crafter,,,
548864,186.02999877929688,5.0,116.0,0.12050332874059677,0.5622314214706421,0.20000000298023224,-1.9415825605392456,0.8948682546615601,0.0003000000142492354,-0.0871192216873169,-0.06453301012516022,0.05314948409795761,ppo_baseline_crafter,,,
557056,184.58999633789062,5.090000152587891,116.0,0.12898534536361694,0.568652331829071,0.20000000298023224,-1.9190815687179565,0.9077956676483154,0.0003000000142492354,-0.1053631454706192,-0.06971867382526398,0.05922713503241539,ppo_baseline_crafter,,,
565248,188.75,5.400000095367432,116.0,0.12518726289272308,0.5668700933456421,0.20000000298023224,-1.908592700958252,0.9274488687515259,0.0003000000142492354,-0.06100853160023689,-0.07086494565010071,0.05169115588068962,ppo_baseline_crafter,,,
573440,189.67999267578125,5.440000057220459,116.0,0.12159284949302673,0.56591796875,0.20000000298023224,-1.9110991954803467,0.9316810369491577,0.0003000000142492354,-0.0694795697927475,-0.06184672564268112,0.048857565969228745,ppo_baseline_crafter,,,
581632,192.0,5.579999923706055,116.0,0.12052759528160095,0.5695556402206421,0.20000000298023224,-1.8960018157958984,0.9461452960968018,0.0003000000142492354,-0.08920346945524216,-0.06525929272174835,0.04896127060055733,ppo_baseline_crafter,,,
589824,197.13999938964844,5.940000057220459,116.0,0.11642535030841827,0.5640869140625,0.20000000298023224,-1.9385515451431274,0.9401149153709412,0.0003000000142492354,-0.05399179086089134,-0.061234716325998306,0.04260115697979927,ppo_baseline_crafter,,,
598016,193.91000366210938,5.840000152587891,116.0,0.11317016184329987,0.546875,0.20000000298023224,-1.8802717924118042,0.9525879621505737,0.0003000000142492354,-0.06231782212853432,-0.06268543750047684,0.04106175899505615,ppo_baseline_crafter,,,
606208,195.61000061035156,5.730000019073486,116.0,0.10967877507209778,0.53265380859375,0.20000000298023224,-1.9045835733413696,0.936126708984375,0.0003000000142492354,-0.07707119733095169,-0.06054281070828438,0.06086771562695503,ppo_baseline_crafter,,,
614400,193.44000244140625,5.670000076293945,117.0,0.12843994796276093,0.5750732421875,0.20000000298023224,-1.9334690570831299,0.9263957738876343,0.0003000000142492354,-0.06237241253256798,-0.07016167789697647,0.05717135965824127,ppo_baseline_crafter,,,
622592,190.00999450683594,5.849999904632568,117.0,0.12128166109323502,0.571093738079071,0.20000000298023224,-1.903604507446289,0.9454386830329895,0.0003000000142492354,-0.06912171840667725,-0.07051629573106766,0.0424945130944252,ppo_baseline_crafter,,,
630784,191.47000122070312,5.730000019073486,117.0,0.11634129285812378,0.5484253168106079,0.20000000298023224,-1.8710323572158813,0.9495557546615601,0.0003000000142492354,-0.06154733523726463,-0.06571278721094131,0.04832577705383301,ppo_baseline_crafter,,,
638976,194.67999267578125,5.739999771118164,117.0,0.10886534303426743,0.5343383550643921,0.20000000298023224,-1.865034818649292,0.9443511962890625,0.0003000000142492354,-0.05342898145318031,-0.06040622293949127,0.05110272765159607,ppo_baseline_crafter,,,
647168,195.3800048828125,5.820000171661377,117.0,0.11134880781173706,0.555432140827179,0.20000000298023224,-1.8877689838409424,0.9475439190864563,0.0003000000142492354,-0.10098112374544144,-0.06523779034614563,0.0457005649805069,ppo_baseline_crafter,,,
655360,198.13999938964844,5.78000020980835,117.0,0.11618925631046295,0.5510009527206421,0.20000000298023224,-1.8766098022460938,0.9502145648002625,0.0003000000142492354,-0.0944981798529625,-0.060572877526283264,0.04400230944156647,ppo_baseline_crafter,,,
663552,197.08999633789062,5.599999904632568,117.0,0.12369343638420105,0.5478760004043579,0.20000000298023224,-1.8812644481658936,0.9448862671852112,0.0003000000142492354,-0.07696159183979034,-0.061810750514268875,0.049343470484018326,ppo_baseline_crafter,,,
671744,197.61000061035156,5.369999885559082,117.0,0.1248781830072403,0.5555053949356079,0.20000000298023224,-1.8816368579864502,0.929144561290741,0.0003000000142492354,-0.06639096140861511,-0.06399277597665787,0.05890730768442154,ppo_baseline_crafter,,,
679936,199.0,5.230000019073486,117.0,0.1129189133644104,0.555102527141571,0.20000000298023224,-1.917017936706543,0.9189412593841553,0.0003000000142492354,-0.05011661723256111,-0.06318701058626175,0.05682266503572464,ppo_baseline_crafter,,,
688128,197.49000549316406,5.130000114440918,118.0,0.11050236225128174,0.554370105266571,0.20000000298023224,-1.911737084388733,0.9274793863296509,0.0003000000142492354,-0.060289166867733,-0.06577469408512115,0.06046260893344879,ppo_baseline_crafter,,,
696320,199.67999267578125,5.179999828338623,118.0,0.11903131008148193,0.5725463628768921,0.20000000298023224,-1.9098095893859863,0.9238269925117493,0.0003000000142492354,-0.06665930896997452,-0.06965893507003784,0.04635260999202728,ppo_baseline_crafter,,,
704512,206.5399932861328,5.409999847412109,118.0,0.11646301299333572,0.5579589605331421,0.20000000298023224,-1.861807107925415,0.920275092124939,0.0003000000142492354,-0.045759350061416626,-0.06045890599489212,0.052472520619630814,ppo_baseline_crafter,,,
712704,204.88999938964844,5.579999923706055,118.0,0.1285017728805542,0.56781005859375,0.20000000298023224,-1.8984771966934204,0.9267438054084778,0.0003000000142492354,-0.08107145130634308,-0.06488671898841858,0.04532432183623314,ppo_baseline_crafter,,,
720896,210.8699951171875,5.849999904632568,118.0,0.1186993420124054,0.549914538860321,0.20000000298023224,-1.8461605310440063,0.9373359680175781,0.0003000000142492354,-0.08022049069404602,-0.059043001383543015,0.03893103823065758,ppo_baseline_crafter,,,
729088,203.57000732421875,5.900000095367432,118.0,0.11670377850532532,0.5534912347793579,0.20000000298023224,-1.8561768531799316,0.9534870982170105,0.0003000000142492354,-0.10943333804607391,-0.06260496377944946,0.037136346101760864,ppo_baseline_crafter,,,
737280,192.25,5.960000038146973,118.0,0.1260451376438141,0.5543457269668579,0.20000000298023224,-1.8327223062515259,0.9512233138084412,0.0003000000142492354,-0.06916848570108414,-0.06633802503347397,0.03898302838206291,ppo_baseline_crafter,,,
745472,199.39999389648438,5.960000038146973,118.0,0.11913050711154938,0.551623523235321,0.20000000298023224,-1.820676565170288,0.9531064033508301,0.0003000000142492354,-0.06132933497428894,-0.06540412455797195,0.04614819213747978,ppo_baseline_crafter,,,
753664,201.64999389648438,5.659999847412109,118.0,0.12220947444438934,0.5555175542831421,0.20000000298023224,-1.8302552700042725,0.9519258141517639,0.0003000000142492354,-0.09479854255914688,-0.0647958517074585,0.03633863478899002,ppo_baseline_crafter,,,
761856,199.99000549316406,5.46999979019165,119.0,0.12826448678970337,0.563916027545929,0.20000000298023224,-1.8594924211502075,0.9248074889183044,0.0003000000142492354,-0.0989290177822113,-0.07054480165243149,0.04726625978946686,ppo_baseline_crafter,,,
770048,201.1699981689453,5.409999847412109,119.0,0.1251828670501709,0.5636841058731079,0.20000000298023224,-1.811440348625183,0.9318874478340149,0.0003000000142492354,-0.07386667281389236,-0.07102856785058975,0.04149702191352844,ppo_baseline_crafter,,,
778240,197.60000610351562,5.559999942779541,119.0,0.13681243360042572,0.5681518316268921,0.20000000298023224,-1.8114464282989502,0.9093916416168213,0.0003000000142492354,-0.09307912737131119,-0.06943836808204651,0.053458359092473984,ppo_baseline_crafter,,,
786432,199.35000610351562,5.909999847412109,119.0,0.12266631424427032,0.563342273235321,0.20000000298023224,-1.8548566102981567,0.9268137812614441,0.0003000000142492354,-0.0819714367389679,-0.07050470262765884,0.04525012895464897,ppo_baseline_crafter,,,
794624,198.3300018310547,5.769999980926514,119.0,0.1220889464020729,0.5630127191543579,0.20000000298023224,-1.857293963432312,0.9318004250526428,0.0003000000142492354,-0.07034158706665039,-0.07026790827512741,0.04948187619447708,ppo_baseline_crafter,,,
802816,196.89999389648438,5.460000038146973,119.0,0.12832629680633545,0.5707763433456421,0.20000000298023224,-1.8941036462783813,0.9202066659927368,0.0003000000142492354,-0.10665397346019745,-0.07214311510324478,0.058584995567798615,ppo_baseline_crafter,,,
811008,193.72000122070312,5.599999904632568,119.0,0.13147597014904022,0.574633777141571,0.20000000298023224,-1.9021737575531006,0.9082686901092529,0.0003000000142492354,-0.078514963388443,-0.06977571547031403,0.0637742280960083,ppo_baseline_crafter,,,
819200,194.05999755859375,5.900000095367432,119.0,0.12815073132514954,0.5799560546875,0.20000000298023224,-1.8633867502212524,0.9358978271484375,0.0003000000142492354,-0.0020957281813025475,-0.07068895548582077,0.050211235880851746,ppo_baseline_crafter,,,
827392,202.05999755859375,6.150000095367432,119.0,0.12706559896469116,0.564807116985321,0.20000000298023224,-1.8437401056289673,0.9498201608657837,0.0003000000142492354,-0.09336333721876144,-0.06617709249258041,0.04124164581298828,ppo_baseline_crafter,,,
835584,205.6699981689453,6.079999923706055,119.0,0.12981267273426056,0.573376476764679,0.20000000298023224,-1.8965468406677246,0.950619637966156,0.0003000000142492354,-0.08859317749738693,-0.07068570703268051,0.04475530982017517,ppo_baseline_crafter,,,
843776,194.10000610351562,5.849999904632568,119.0,0.114503875374794,0.548352062702179,0.20000000298023224,-1.8859034776687622,0.9122650623321533,0.0003000000142492354,-0.06681448966264725,-0.06334313750267029,0.07037613540887833,ppo_baseline_crafter,,,
851968,188.05999755859375,5.369999885559082,119.0,0.12277432531118393,0.564379870891571,0.20000000298023224,-1.8508328199386597,0.9182592034339905,0.0003000000142492354,-0.07120565325021744,-0.06841611117124557,0.06483224034309387,ppo_baseline_crafter,,,
860160,197.30999755859375,5.440000057220459,119.0,0.12437345087528229,0.5641113519668579,0.20000000298023224,-1.8665869235992432,0.9311335682868958,0.0003000000142492354,-0.08783258497714996,-0.07063404470682144,0.05964444950222969,ppo_baseline_crafter,,,
868352,204.99000549316406,5.739999771118164,119.0,0.12832969427108765,0.582897961139679,0.20000000298023224,-1.899783730506897,0.9262871146202087,0.0003000000142492354,-0.08270591497421265,-0.07275833934545517,0.05593281239271164,ppo_baseline_crafter,,,
876544,203.2899932861328,5.869999885559082,120.0,0.12897348403930664,0.5697876214981079,0.20000000298023224,-1.9366142749786377,0.9256028532981873,0.0003000000142492354,-0.0609126091003418,-0.07412248104810715,0.05081325024366379,ppo_baseline_crafter,,,
884736,196.77999877929688,5.849999904632568,120.0,0.13026367127895355,0.5755249261856079,0.20000000298023224,-1.9336001873016357,0.9292103052139282,0.0003000000142492354,-0.06932028383016586,-0.07229281961917877,0.05128859356045723,ppo_baseline_crafter,,,
892928,201.91000366210938,5.679999828338623,120.0,0.13738124072551727,0.5789794921875,0.20000000298023224,-1.910707712173462,0.9326558113098145,0.0003000000142492354,-0.08985862135887146,-0.07239030301570892,0.04903843626379967,ppo_baseline_crafter,,,
901120,207.16000366210938,5.869999885559082,120.0,0.13467784225940704,0.58233642578125,0.20000000298023224,-1.9101433753967285,0.9435666799545288,0.0003000000142492354,-0.07461869716644287,-0.07169780880212784,0.04643750190734863,ppo_baseline_crafter,,,
909312,205.1999969482422,6.03000020980835,120.0,0.12680673599243164,0.5721069574356079,0.20000000298023224,-1.913059949874878,0.9448158740997314,0.0003000000142492354,-0.10893361270427704,-0.06811263412237167,0.04817121475934982,ppo_baseline_crafter,,,
917504,199.19000244140625,6.21999979019165,120.0,0.13359352946281433,0.574938952922821,0.20000000298023224,-1.8904845714569092,0.9360529184341431,0.0003000000142492354,-0.07874639332294464,-0.07282939553260803,0.05152710899710655,ppo_baseline_crafter,,,
925696,193.1300048828125,6.309999942779541,120.0,0.13215312361717224,0.5789550542831421,0.20000000298023224,-1.851158618927002,0.940973162651062,0.0003000000142492354,-0.056037284433841705,-0.07015460729598999,0.052037231624126434,ppo_baseline_crafter,,,
933888,194.36000061035156,6.369999885559082,120.0,0.13787832856178284,0.5934203863143921,0.20000000298023224,-1.9014215469360352,0.9461076259613037,0.0003000000142492354,-0.11784721165895462,-0.07649289816617966,0.04658685624599457,ppo_baseline_crafter,,,
942080,193.8699951171875,6.289999961853027,120.0,0.13446620106697083,0.5719970464706421,0.20000000298023224,-1.8297407627105713,0.9469930529594421,0.0003000000142492354,-0.09753814339637756,-0.07503560930490494,0.05199900642037392,ppo_baseline_crafter,,,
950272,197.2899932861328,6.429999828338623,120.0,0.1422376036643982,0.581066906452179,0.20000000298023224,-1.7971303462982178,0.9573497772216797,0.0003000000142492354,-0.09564836323261261,-0.07601495087146759,0.04024466499686241,ppo_baseline_crafter,,,
958464,197.4199981689453,6.460000038146973,120.0,0.13797079026699066,0.57232666015625,0.20000000298023224,-1.7805290222167969,0.9481357336044312,0.0003000000142492354,-0.07384785264730453,-0.0703863650560379,0.046140849590301514,ppo_baseline_crafter,,,
966656,199.9199981689453,6.429999828338623,120.0,0.13856098055839539,0.56622314453125,0.20000000298023224,-1.7956644296646118,0.9472926259040833,0.0003000000142492354,-0.10244198143482208,-0.07060153037309647,0.05405324324965477,ppo_baseline_crafter,,,
974848,200.61000061035156,6.639999866485596,120.0,0.1475975215435028,0.578845202922821,0.20000000298023224,-1.7514444589614868,0.9533221125602722,0.0003000000142492354,-0.0685282051563263,-0.07374445348978043,0.04513651132583618,ppo_baseline_crafter,,,
983040,204.47000122070312,6.769999980926514,120.0,0.1465749740600586,0.592724621295929,0.20000000298023224,-1.752577781677246,0.9594118595123291,0.0003000000142492354,-0.06012886017560959,-0.07592684775590897,0.03714367747306824,ppo_baseline_crafter,,,
991232,202.33999633789062,6.599999904632568,120.0,0.14995598793029785,0.5756469964981079,0.20000000298023224,-1.7502789497375488,0.9618754982948303,0.0003000000142492354,-0.10075579583644867,-0.07457316666841507,0.040760595351457596,ppo_baseline_crafter,,,
999424,192.0399932861328,6.420000076293945,121.0,0.13658520579338074,0.56219482421875,0.20000000298023224,-1.714252233505249,0.9406796097755432,0.0003000000142492354,-0.06891307979822159,-0.06923510879278183,0.05259043350815773,ppo_baseline_crafter,,,
1007616,193.02999877929688,6.409999847412109,121.0,0.1449766755104065,0.5853271484375,0.20000000298023224,-1.7444422245025635,0.9460369944572449,0.0003000000142492354,-0.05209896340966225,-0.0737869068980217,0.055375900119543076,ppo_baseline_crafter,,,
8192,171.6888885498047,54.34214401245117,96.0,,,,,,,,,,ppo_icm_crafter,0.0005461503751575947,2.8309004306793213,0.06990724802017212
16384,176.4945068359375,29.415870666503906,90.0,0.011363524943590164,0.10216064751148224,0.20000000298023224,-2.8246257305145264,-0.1494969129562378,0.0003000000142492354,0.09400615096092224,-0.020369168370962143,0.7368789911270142,ppo_icm_crafter,0.0002507626195438206,2.832932472229004,0.03209761157631874
24576,180.75999450683594,9.050326347351074,86.0,0.01216813363134861,0.11290283501148224,0.20000000298023224,-2.81419038772583,0.6464974284172058,0.0003000000142492354,0.1042928546667099,-0.025091299787163734,0.3627468943595886,ppo_icm_crafter,5.908097591600381e-05,2.834000587463379,0.0075623649172484875
32768,188.35000610351562,1.9900000095367432,86.0,0.012276232242584229,0.1331787109375,0.20000000298023224,-2.7978878021240234,0.7731884717941284,0.0003000000142492354,0.07334388792514801,-0.026987597346305847,0.2845303416252136,ppo_icm_crafter,1.825235813157633e-05,2.830599069595337,0.00233630184084177
40960,187.22000122070312,2.1500000953674316,86.0,0.013114839792251587,0.15721435844898224,0.20000000298023224,-2.7816128730773926,0.8365198969841003,0.0003000000142492354,0.04081800580024719,-0.02988477610051632,0.18956638872623444,ppo_icm_crafter,0.000183553303941153,2.83009672164917,0.023494824767112732
49152,183.22999572753906,2.049999952316284,85.0,0.01373396534472704,0.16898193955421448,0.20000000298023224,-2.764305353164673,0.8439153432846069,0.0003000000142492354,0.009737037122249603,-0.030508026480674744,0.16293586790561676,ppo_icm_crafter,0.0004373870324343443,2.8258156776428223,0.055985547602176666
57344,185.25999450683594,1.9500000476837158,85.0,0.01410255953669548,0.17789307236671448,0.20000000298023224,-2.742298126220703,0.8688552379608154,0.0003000000142492354,0.015907172113656998,-0.030714085325598717,0.1310969740152359,ppo_icm_crafter,0.001184159191325307,2.8163604736328125,0.1515723615884781
65536,190.14999389648438,2.0399999618530273,85.0,0.014254409819841385,0.17414550483226776,0.20000000298023224,-2.7303667068481445,0.8455959558486938,0.0003000000142492354,-0.034023527055978775,-0.02955445647239685,0.10947981476783752,ppo_icm_crafter,0.008437814190983772,2.8101861476898193,1.0800403356552124
73728,192.74000549316406,2.0999999046325684,85.0,0.015083510428667068,0.17890624701976776,0.20000000298023224,-2.702516555786133,0.8102389574050903,0.0003000000142492354,0.02059614285826683,-0.030928539112210274,0.11585710197687149,ppo_icm_crafter,0.01600269414484501,2.8144118785858154,2.048344850540161
81920,191.5500030517578,2.299999952316284,85.0,0.015752112492918968,0.18793945014476776,0.20000000298023224,-2.684434175491333,0.8201921582221985,0.0003000000142492354,0.012766821309924126,-0.03086990676820278,0.10562988370656967,ppo_icm_crafter,0.01542299147695303,2.811973810195923,1.9741427898406982
90112,187.77999877929688,2.640000104904175,85.0,0.016068721190094948,0.19444580376148224,0.20000000298023224,-2.6583333015441895,0.7809028625488281,0.0003000000142492354,-0.004883825778961182,-0.030697939917445183,0.12074799090623856,ppo_icm_crafter,0.012352941557765007,2.795750141143799,1.581176519393921
98304,182.50999450683594,2.609999895095825,84.0,0.01705242693424225,0.21849365532398224,0.20000000298023224,-2.643193244934082,0.7825183868408203,0.0003000000142492354,-0.011310219764709473,-0.03186727687716484,0.12425396591424942,ppo_icm_crafter,0.00811101496219635,2.7243049144744873,1.0382097959518433
106496,184.74000549316406,2.7300000190734863,84.0,0.01651807874441147,0.20877686142921448,0.20000000298023224,-2.6062545776367188,0.8069331645965576,0.0003000000142492354,-0.01566888391971588,-0.02799713984131813,0.11287467926740646,ppo_icm_crafter,0.01453595794737339,2.7552554607391357,1.860602617263794
114688,191.14999389648438,2.9000000953674316,84.0,0.016485545784235,0.21196289360523224,0.20000000298023224,-2.571929693222046,0.7979665398597717,0.0003000000142492354,0.01707541197538376,-0.029586419463157654,0.11884152889251709,ppo_icm_crafter,0.012303758412599564,2.740870952606201,1.5748810768127441
122880,193.2899932861328,2.950000047683716,83.0,0.0176069438457489,0.21585693955421448,0.20000000298023224,-2.5419771671295166,0.8117538094520569,0.0003000000142492354,-0.029468528926372528,-0.029985055327415466,0.11273782700300217,ppo_icm_crafter,0.01287334505468607,2.7352676391601562,1.6477880477905273
131072,186.4499969482422,3.009999990463257,83.0,0.018091481178998947,0.22012940049171448,0.20000000298023224,-2.510439395904541,0.8133493661880493,0.0003000000142492354,-0.0003771483898162842,-0.0289921835064888,0.11913745850324631,ppo_icm_crafter,0.009337141178548336,2.7535412311553955,1.1951539516448975
139264,192.7899932861328,3.0999999046325684,83.0,0.018968995660543442,0.22733154892921448,0.20000000298023224,-2.469829797744751,0.8134480714797974,0.0003000000142492354,0.02321556955575943,-0.03043380379676819,0.10966991633176804,ppo_icm_crafter,0.013600986450910568,2.731477737426758,1.7409262657165527
147456,190.5500030517578,3.0999999046325684,83.0,0.019029535353183746,0.22091063857078552,0.20000000298023224,-2.4760901927948,0.8383207321166992,0.0003000000142492354,-0.004613112658262253,-0.02888159640133381,0.09692907333374023,ppo_icm_crafter,0.009750894270837307,2.6841979026794434,1.2481145858764648
155648,185.38999938964844,3.140000104904175,83.0,0.0192258283495903,0.2242431640625,0.20000000298023224,-2.42931866645813,0.8297059535980225,0.0003000000142492354,-0.04159128665924072,-0.029298316687345505,0.11281333118677139,ppo_icm_crafter,0.01090327836573124,2.6376760005950928,1.3956198692321777
163840,188.97999572753906,3.2699999809265137,83.0,0.020413722842931747,0.23790283501148224,0.20000000298023224,-2.374351978302002,0.8517471551895142,0.0003000000142492354,-0.012084204703569412,-0.03069698065519333,0.09603360295295715,ppo_icm_crafter,0.01023202296346426,2.6255767345428467,1.3096989393234253
172032,193.92999267578125,3.4600000381469727,83.0,0.019298318773508072,0.22614745795726776,0.20000000298023224,-2.3504955768585205,0.864615797996521,0.0003000000142492354,-0.04073236882686615,-0.02812565118074417,0.10089178383350372,ppo_icm_crafter,0.00943906418979168,2.580538749694824,1.208200216293335
180224,196.74000549316406,3.700000047683716,84.0,0.020496483892202377,0.23652343451976776,0.20000000298023224,-2.3238465785980225,0.8592154383659363,0.0003000000142492354,0.015946093946695328,-0.029762526974081993,0.10732769966125488,ppo_icm_crafter,0.012404839508235455,2.6603379249572754,1.5878194570541382
188416,198.3000030517578,3.859999895095825,84.0,0.022209033370018005,0.24874266982078552,0.20000000298023224,-2.2829232215881348,0.8629037737846375,0.0003000000142492354,0.021510127931833267,-0.03004673682153225,0.09643682092428207,ppo_icm_crafter,0.01106459740549326,2.6865599155426025,1.4162685871124268
196608,199.38999938964844,3.869999885559082,84.0,0.02067318558692932,0.24931640923023224,0.20000000298023224,-2.2854297161102295,0.857286810874939,0.0003000000142492354,-0.020433571189641953,-0.030124766752123833,0.10281278192996979,ppo_icm_crafter,0.015798894688487053,2.6212291717529297,2.0222585201263428
204800,192.5,3.8499999046325684,83.0,0.021759888157248497,0.25651854276657104,0.20000000298023224,-2.2586159706115723,0.8472815155982971,0.0003000000142492354,0.026158098131418228,-0.028175676241517067,0.10345286130905151,ppo_icm_crafter,0.009930871427059174,2.472179412841797,1.2711515426635742
212992,193.4600067138672,3.869999885559082,83.0,0.021761277690529823,0.25684815645217896,0.20000000298023224,-2.2061195373535156,0.873704195022583,0.0003000000142492354,-0.0006264522671699524,-0.028843436390161514,0.0989597886800766,ppo_icm_crafter,0.012735096737742424,2.6741690635681152,1.6300923824310303
221184,197.42999267578125,4.090000152587891,83.0,0.024417150765657425,0.25645750761032104,0.20000000298023224,-2.2258973121643066,0.8498353958129883,0.0003000000142492354,-0.015199519693851471,-0.029958199709653854,0.10537084937095642,ppo_icm_crafter,0.010586789809167385,2.6627111434936523,1.3551093339920044
229376,198.67999267578125,4.0,83.0,0.02360410988330841,0.2624877989292145,0.20000000298023224,-2.203127384185791,0.8505357503890991,0.0003000000142492354,-0.0036905743181705475,-0.029675358906388283,0.10857761651277542,ppo_icm_crafter,0.011658771894872189,2.582437515258789,1.4923226833343506
237568,191.4600067138672,3.990000009536743,83.0,0.022290248423814774,0.25544434785842896,0.20000000298023224,-2.153904914855957,0.8901031613349915,0.0003000000142492354,-0.013130929321050644,-0.030054932460188866,0.08885796368122101,ppo_icm_crafter,0.014411245472729206,2.612947463989258,1.8446393013000488
245760,189.72999572753906,3.9800000190734863,82.0,0.023698166012763977,0.26171875,0.20000000298023224,-2.1498212814331055,0.872164785861969,0.0003000000142492354,0.017070233821868896,-0.03013189136981964,0.10598178952932358,ppo_icm_crafter,0.010241725482046604,2.4443163871765137,1.3109409809112549
253952,184.4600067138672,4.039999961853027,83.0,0.023610208183526993,0.27049559354782104,0.20000000298023224,-2.11797833442688,0.8711556792259216,0.0003000000142492354,0.0024475008249282837,-0.02998056821525097,0.10155385732650757,ppo_icm_crafter,0.014324946328997612,2.604569911956787,1.8335931301116943
262144,186.9199981689453,4.130000114440918,82.0,0.02393355779349804,0.25218504667282104,0.20000000298023224,-2.1258678436279297,0.8691451549530029,0.0003000000142492354,0.021488407626748085,-0.028222881257534027,0.11143142729997635,ppo_icm_crafter,0.00992607418447733,2.465485095977783,1.2705373764038086
270336,190.64999389648438,4.329999923706055,83.0,0.02353900671005249,0.2631591856479645,0.20000000298023224,-2.064052104949951,0.8764267563819885,0.0003000000142492354,-0.025292187929153442,-0.030685165897011757,0.09849706292152405,ppo_icm_crafter,0.010745259001851082,2.546574354171753,1.3753931522369385
278528,197.1300048828125,4.289999961853027,83.0,0.023953784257173538,0.2655029296875,0.20000000298023224,-2.066417932510376,0.8899092078208923,0.0003000000142492354,-0.00038517266511917114,-0.029836226254701614,0.0921323224902153,ppo_icm_crafter,0.010001291520893574,2.548403739929199,1.280165195465088
286720,198.49000549316406,4.329999923706055,83.0,0.026336021721363068,0.26829832792282104,0.20000000298023224,-2.043055534362793,0.8681191205978394,0.0003000000142492354,-0.016401469707489014,-0.030012695118784904,0.10101087391376495,ppo_icm_crafter,0.011332049034535885,2.5513916015625,1.4505020380020142
294912,196.44000244140625,4.340000152587891,83.0,0.02364700846374035,0.2547607421875,0.20000000298023224,-2.0385706424713135,0.8750132918357849,0.0003000000142492354,0.0015839561820030212,-0.02974536456167698,0.09333907812833786,ppo_icm_crafter,0.013306287117302418,2.3921303749084473,1.703204870223999
303104,199.82000732421875,4.510000228881836,83.0,0.0260310098528862,0.27049559354782104,0.20000000298023224,-2.009756326675415,0.8725670576095581,0.0003000000142492354,-0.0069659315049648285,-0.029614055529236794,0.10016229003667831,ppo_icm_crafter,0.012382086366415024,2.4899115562438965,1.584906816482544
311296,202.85000610351562,4.480000019073486,83.0,0.025351889431476593,0.2729125916957855,0.20000000298023224,-2.0283806324005127,0.863972008228302,0.0003000000142492354,-0.009131453931331635,-0.029431842267513275,0.1118960753083229,ppo_icm_crafter,0.00936158373951912,2.5253021717071533,1.1982827186584473
319488,202.92999267578125,4.400000095367432,83.0,0.025370456278324127,0.2753539979457855,0.20000000298023224,-1.9746733903884888,0.8951821327209473,0.0003000000142492354,-0.02441522106528282,-0.029605159536004066,0.08149932324886322,ppo_icm_crafter,0.009919716976583004,2.4310708045959473,1.269723653793335
327680,196.2100067138672,4.480000019073486,83.0,0.02578301727771759,0.27363282442092896,0.20000000298023224,-1.968224287033081,0.8925217390060425,0.0003000000142492354,-0.004481133073568344,-0.030312396585941315,0.0868091881275177,ppo_icm_crafter,0.010736918076872826,2.471778392791748,1.3743256330490112
335872,189.8800048828125,4.539999961853027,83.0,0.026367686688899994,0.28314208984375,0.20000000298023224,-1.9093631505966187,0.8790755867958069,0.0003000000142492354,0.030227769166231155,-0.03094828687608242,0.10224481672048569,ppo_icm_crafter,0.009196404367685318,2.4181833267211914,1.1771397590637207
344064,197.75999450683594,4.590000152587891,83.0,0.027014542371034622,0.2713378965854645,0.20000000298023224,-1.8914573192596436,0.8601790070533752,0.0003000000142492354,0.01851280964910984,-0.027662189677357674,0.10984179377555847,ppo_icm_crafter,0.006852476857602596,2.4810547828674316,0.8771170973777771
352256,197.9600067138672,4.679999828338623,83.0,0.028692036867141724,0.2911010682582855,0.20000000298023224,-1.8973842859268188,0.8828116655349731,0.0003000000142492354,0.013596739619970322,-0.030495434999465942,0.0921688973903656,ppo_icm_crafter,0.010683847591280937,2.268446683883667,1.36753249168396
360448,193.19000244140625,4.690000057220459,83.0,0.026544643566012383,0.26500242948532104,0.20000000298023224,-1.8236831426620483,0.8953516483306885,0.0003000000142492354,-0.009546969085931778,-0.028568129986524582,0.08803225308656693,ppo_icm_crafter,0.01033065840601921,2.3687188625335693,1.3223243951797485
368640,190.11000061035156,4.690000057220459,83.0,0.027196206152439117,0.2771362364292145,0.20000000298023224,-1.8495351076126099,0.8836442828178406,0.0003000000142492354,-0.02731318213045597,-0.03092503361403942,0.09744001924991608,ppo_icm_crafter,0.006913559045642614,2.349216938018799,0.8849356174468994
376832,189.63999938964844,4.690000057220459,83.0,0.029226910322904587,0.2850341796875,0.20000000298023224,-1.7983996868133545,0.8623846769332886,0.0003000000142492354,-0.01447376236319542,-0.031101057305932045,0.10827942192554474,ppo_icm_crafter,0.008820013143122196,2.3465399742126465,1.1289615631103516
385024,193.33999633789062,4.769999980926514,83.0,0.02869117259979248,0.2798217833042145,0.20000000298023224,-1.7883564233779907,0.8906129598617554,0.0003000000142492354,-0.013621162623167038,-0.030375288799405098,0.09457442164421082,ppo_icm_crafter,0.010562465526163578,2.252547025680542,1.3519953489303589
393216,203.6999969482422,4.710000038146973,83.0,0.027020364999771118,0.2699340879917145,0.20000000298023224,-1.7868075370788574,0.8883095979690552,0.0003000000142492354,-0.021978959441184998,-0.02852262370288372,0.08732552826404572,ppo_icm_crafter,0.008933509700000286,2.428358554840088,1.1434893608093262
401408,201.57000732421875,4.650000095367432,83.0,0.02775390073657036,0.29145509004592896,0.20000000298023224,-1.7855050563812256,0.9047176837921143,0.0003000000142492354,-0.005907174199819565,-0.030254559591412544,0.07355562597513199,ppo_icm_crafter,0.009982781484723091,2.437480926513672,1.2777961492538452
409600,207.22000122070312,4.760000228881836,83.0,0.029102208092808723,0.27869874238967896,0.20000000298023224,-1.751343846321106,0.9138813018798828,0.0003000000142492354,-0.035335030406713486,-0.02760169841349125,0.07761963456869125,ppo_icm_crafter,0.011570597998797894,2.31162166595459,1.48103666305542
417792,203.3699951171875,4.980000019073486,83.0,0.02942238189280033,0.29052734375,0.20000000298023224,-1.7945281267166138,0.912037193775177,0.0003000000142492354,-0.005944639444351196,-0.029022205621004105,0.07961491495370865,ppo_icm_crafter,0.011466685682535172,2.2794251441955566,1.467735767364502
425984,198.60000610351562,5.0,83.0,0.032373182475566864,0.29820555448532104,0.20000000298023224,-1.7628268003463745,0.8911888599395752,0.0003000000142492354,0.00849338248372078,-0.029905660077929497,0.09494277089834213,ppo_icm_crafter,0.00983397476375103,2.2271170616149902,1.2587487697601318
434176,197.67999267578125,5.050000190734863,83.0,0.027724552899599075,0.2739013731479645,0.20000000298023224,-1.7675915956497192,0.8935608267784119,0.0003000000142492354,0.004658959805965424,-0.025553256273269653,0.09023559838533401,ppo_icm_crafter,0.011971566826105118,2.3255274295806885,1.5323607921600342
442368,199.99000549316406,5.090000152587891,83.0,0.02805684134364128,0.2757568359375,0.20000000298023224,-1.7559174299240112,0.8874813914299011,0.0003000000142492354,-0.004720684140920639,-0.028643695637583733,0.09856268763542175,ppo_icm_crafter,0.013059605844318867,2.2756741046905518,1.671629786491394
450560,202.36000061035156,5.119999885559082,83.0,0.030274201184511185,0.2876953184604645,0.20000000298023224,-1.7384943962097168,0.8740785121917725,0.0003000000142492354,0.018412984907627106,-0.02789880521595478,0.10089625418186188,ppo_icm_crafter,0.012032048776745796,2.4874329566955566,1.540102243423462
458752,203.4499969482422,5.090000152587891,83.0,0.03173038363456726,0.30145263671875,0.20000000298023224,-1.7451179027557373,0.8831674456596375,0.0003000000142492354,-0.015840450301766396,-0.02958294376730919,0.0981060117483139,ppo_icm_crafter,0.01194634847342968,2.2340517044067383,1.5291324853897095
466944,202.91000366210938,5.289999961853027,83.0,0.030678637325763702,0.2887817323207855,0.20000000298023224,-1.7158550024032593,0.8710715770721436,0.0003000000142492354,-0.007824890315532684,-0.028844481334090233,0.11481872946023941,ppo_icm_crafter,0.016888992860913277,2.2635340690612793,2.1617908477783203
475136,202.64999389648438,5.289999961853027,83.0,0.03052648715674877,0.29285889863967896,0.20000000298023224,-1.7239725589752197,0.8702775239944458,0.0003000000142492354,-0.005669213831424713,-0.0280607920140028,0.11447057873010635,ppo_icm_crafter,0.014396118931472301,2.3191237449645996,1.8427033424377441
483328,201.8699951171875,5.449999809265137,83.0,0.03068201243877411,0.2947021424770355,0.20000000298023224,-1.6982035636901855,0.8777323365211487,0.0003000000142492354,-0.02402764931321144,-0.02771209180355072,0.10803016275167465,ppo_icm_crafter,0.017295440658926964,2.356325149536133,2.2138161659240723
491520,192.4199981689453,5.429999828338623,83.0,0.03279082104563713,0.28485107421875,0.20000000298023224,-1.6554654836654663,0.8677621483802795,0.0003000000142492354,0.022134099155664444,-0.029799053445458412,0.12091420590877533,ppo_icm_crafter,0.029968563467264175,2.262789011001587,3.8359763622283936
499712,192.16000366210938,5.449999809265137,83.0,0.031259577721357346,0.28284913301467896,0.20000000298023224,-1.6136258840560913,0.8745943307876587,0.0003000000142492354,0.0009196922183036804,-0.032513417303562164,0.11207165569067001,ppo_icm_crafter,0.023949231952428818,2.2173209190368652,3.0655019283294678
507904,200.7100067138672,5.559999942779541,83.0,0.028318125754594803,0.2726684510707855,0.20000000298023224,-1.5783414840698242,0.8948966860771179,0.0003000000142492354,-0.0149240642786026,-0.029142504557967186,0.10347576439380646,ppo_icm_crafter,0.029628733173012733,2.049072742462158,3.79247784614563
516096,199.35000610351562,5.710000038146973,83.0,0.030501950532197952,0.28065186738967896,0.20000000298023224,-1.596783995628357,0.8755986094474792,0.0003000000142492354,-0.01423550397157669,-0.027958231046795845,0.11231391131877899,ppo_icm_crafter,0.028802422806620598,2.3202719688415527,3.6867101192474365
524288,196.72999572753906,5.71999979019165,83.0,0.033489808440208435,0.3047241270542145,0.20000000298023224,-1.6007332801818848,0.8841832876205444,0.0003000000142492354,-0.05656411871314049,-0.03026552125811577,0.10833912342786789,ppo_icm_crafter,0.03225286304950714,2.022369861602783,4.128366470336914
532480,199.4499969482422,5.789999961853027,83.0,0.031234532594680786,0.2852783203125,0.20000000298023224,-1.596692681312561,0.8824335336685181,0.0003000000142492354,0.010732080787420273,-0.02910083718597889,0.10935822874307632,ppo_icm_crafter,0.025559214875102043,2.2071070671081543,3.2715797424316406
540672,200.39999389648438,5.989999771118164,83.0,0.03152656555175781,0.2704834043979645,0.20000000298023224,-1.5694844722747803,0.9083302021026611,0.0003000000142492354,0.004354454576969147,-0.027689261361956596,0.09181991219520569,ppo_icm_crafter,0.03340226411819458,2.2669167518615723,4.275489807128906
548864,197.8800048828125,6.019999980926514,83.0,0.031183630228042603,0.28288573026657104,0.20000000298023224,-1.536354660987854,0.8792847394943237,0.0003000000142492354,0.02877235785126686,-0.03137851506471634,0.10921450704336166,ppo_icm_crafter,0.03971719369292259,2.1975250244140625,5.083800315856934
557056,200.0800018310547,5.949999809265137,83.0,0.032633885741233826,0.28801268339157104,0.20000000298023224,-1.5153532028198242,0.8854377269744873,0.0003000000142492354,-0.023610807955265045,-0.03006191924214363,0.10546033829450607,ppo_icm_crafter,0.024863069877028465,2.2499847412109375,3.1824727058410645
565248,202.6300048828125,5.929999828338623,83.0,0.03359043970704079,0.3013916015625,0.20000000298023224,-1.5242787599563599,0.8923485279083252,0.0003000000142492354,-0.015328645706176758,-0.02815329283475876,0.10137443989515305,ppo_icm_crafter,0.039386726915836334,2.1422786712646484,5.041501045227051
573440,204.14999389648438,5.860000133514404,83.0,0.03261429816484451,0.28972166776657104,0.20000000298023224,-1.510346531867981,0.9098226428031921,0.0003000000142492354,-0.012334812432527542,-0.030485138297080994,0.08596208691596985,ppo_icm_crafter,0.04016748070716858,2.2702372074127197,5.141437530517578
581632,202.9499969482422,5.989999771118164,83.0,0.034573011100292206,0.2991088926792145,0.20000000298023224,-1.5491321086883545,0.9006343483924866,0.0003000000142492354,-0.017117545008659363,-0.02637016586959362,0.0929519385099411,ppo_icm_crafter,0.051998622715473175,2.0222058296203613,6.655823707580566
589824,193.91000366210938,5.909999847412109,83.0,0.03098243847489357,0.28387451171875,0.20000000298023224,-1.4981017112731934,0.8795487284660339,0.0003000000142492354,-0.024910468608140945,-0.02947855181992054,0.10468829423189163,ppo_icm_crafter,0.04879366233944893,2.053374767303467,6.245588779449463
598016,191.47999572753906,5.78000020980835,83.0,0.033647678792476654,0.2840209901332855,0.20000000298023224,-1.4599300622940063,0.8696891665458679,0.0003000000142492354,0.03940383344888687,-0.029106173664331436,0.11272288858890533,ppo_icm_crafter,0.0637962818145752,1.9575802087783813,8.165923118591309
606208,194.97000122070312,5.980000019073486,83.0,0.03522850573062897,0.29766845703125,0.20000000298023224,-1.4779272079467773,0.8966439962387085,0.0003000000142492354,-0.025069233030080795,-0.029687687754631042,0.10413948446512222,ppo_icm_crafter,0.05288104712963104,2.0702743530273438,6.768774032592773
614400,192.5500030517578,6.090000152587891,83.0,0.03450886905193329,0.2884155213832855,0.20000000298023224,-1.4618167877197266,0.8954776525497437,0.0003000000142492354,-0.01576225459575653,-0.028253668919205666,0.10240302234888077,ppo_icm_crafter,0.05197957903146744,1.9645644426345825,6.653385639190674
622592,199.10000610351562,6.039999961853027,83.0,0.033851899206638336,0.28282469511032104,0.20000000298023224,-1.444624423980713,0.9069170951843262,0.0003000000142492354,-0.014825504273176193,-0.028001105412840843,0.09346572309732437,ppo_icm_crafter,0.05556905269622803,1.8898611068725586,7.112837791442871
630784,201.8000030517578,6.099999904632568,83.0,0.0357058048248291,0.30181884765625,0.20000000298023224,-1.4428634643554688,0.915431022644043,0.0003000000142492354,-0.015622876584529877,-0.02894352748990059,0.092387355864048,ppo_icm_crafter,0.05586719512939453,2.146690845489502,7.1510009765625
638976,198.44000244140625,6.090000152587891,83.0,0.036402471363544464,0.29931640625,0.20000000298023224,-1.4640800952911377,0.9147492051124573,0.0003000000142492354,-0.02303244173526764,-0.02719167247414589,0.09829793870449066,ppo_icm_crafter,0.050917234271764755,1.9709370136260986,6.517405986785889
647168,199.97000122070312,6.110000133514404,83.0,0.035902731120586395,0.30070799589157104,0.20000000298023224,-1.4182990789413452,0.9142705798149109,0.0003000000142492354,0.019556865096092224,-0.029210366308689117,0.0958976000547409,ppo_icm_crafter,0.06856410205364227,1.891556978225708,8.776206016540527
655360,198.75,6.269999980926514,83.0,0.03619831055402756,0.2913574278354645,0.20000000298023224,-1.438678503036499,0.9102686643600464,0.0003000000142492354,0.011966895312070847,-0.02873983606696129,0.10485117137432098,ppo_icm_crafter,0.05072833597660065,1.937854290008545,6.493227005004883
663552,196.00999450683594,6.360000133514404,83.0,0.03467950224876404,0.2829956114292145,0.20000000298023224,-1.3870121240615845,0.903583824634552,0.0003000000142492354,-0.03962311893701553,-0.028224296867847443,0.10725352168083191,ppo_icm_crafter,0.06957685947418213,1.7592118978500366,8.905838012695312
671744,196.0399932861328,6.449999809265137,83.0,0.03945135325193405,0.30823975801467896,0.20000000298023224,-1.370080828666687,0.8984622955322266,0.0003000000142492354,-0.052184268832206726,-0.030677860602736473,0.11276553571224213,ppo_icm_crafter,0.06189054995775223,2.0936427116394043,7.921990871429443
679936,199.24000549316406,6.5,83.0,0.038972873240709305,0.3053955137729645,0.20000000298023224,-1.398871660232544,0.8889386057853699,0.0003000000142492354,-0.007610861212015152,-0.028788186609745026,0.12383070588111877,ppo_icm_crafter,0.06882467865943909,1.9069573879241943,8.809558868408203
688128,204.1699981689453,6.639999866485596,83.0,0.03839021176099777,0.295166015625,0.20000000298023224,-1.3343597650527954,0.9039304852485657,0.0003000000142492354,-0.015974808484315872,-0.02767287753522396,0.10552150011062622,ppo_icm_crafter,0.06649883091449738,1.9854475259780884,8.51185131072998
696320,207.08999633789062,6.460000038146973,83.0,0.0384514257311821,0.29890137910842896,0.20000000298023224,-1.385778784751892,0.901155412197113,0.0003000000142492354,0.018661610782146454,-0.024971645325422287,0.11689095199108124,ppo_icm_crafter,0.06585852801799774,1.9684422016143799,8.429892539978027
704512,209.3800048828125,6.679999828338623,83.0,0.03775191679596901,0.3092895448207855,0.20000000298023224,-1.3736894130706787,0.9242377281188965,0.0003000000142492354,0.03323828801512718,-0.0266890749335289,0.09512538462877274,ppo_icm_crafter,0.05269563943147659,1.7779444456100464,6.745042324066162
712704,203.1300048828125,6.789999961853027,83.0,0.0383392795920372,0.30584716796875,0.20000000298023224,-1.3446564674377441,0.9016266465187073,0.0003000000142492354,-0.03513846546411514,-0.027697810903191566,0.12291116267442703,ppo_icm_crafter,0.05344657227396965,1.9667322635650635,6.841161727905273
720896,202.8300018310547,6.679999828338623,83.0,0.03872023522853851,0.2986816465854645,0.20000000298023224,-1.3358343839645386,0.9093661308288574,0.0003000000142492354,0.04812763258814812,-0.025576338171958923,0.11305375397205353,ppo_icm_crafter,0.062285833060741425,1.8587427139282227,7.972586631774902
729088,197.35000610351562,6.610000133514404,83.0,0.03601028770208359,0.2951293885707855,0.20000000298023224,-1.355724573135376,0.9182779788970947,0.0003000000142492354,-0.021558113396167755,-0.02638067491352558,0.10091202706098557,ppo_icm_crafter,0.062421031296253204,1.8256804943084717,7.98989200592041
737280,194.5399932861328,6.989999771118164,83.0,0.04008225351572037,0.30036622285842896,0.20000000298023224,-1.3301503658294678,0.9072860479354858,0.0003000000142492354,0.03259267657995224,-0.027485309168696404,0.12303464114665985,ppo_icm_crafter,0.060604028403759,1.9147894382476807,7.757315635681152
745472,200.83999633789062,7.079999923706055,83.0,0.03837147727608681,0.30339354276657104,0.20000000298023224,-1.378650188446045,0.8957197666168213,0.0003000000142492354,0.020418241620063782,-0.026989927515387535,0.1351117342710495,ppo_icm_crafter,0.054900653660297394,1.6704479455947876,7.027283191680908
753664,210.2899932861328,7.059999942779541,82.0,0.03938436508178711,0.300537109375,0.20000000298023224,-1.324117660522461,0.9178362488746643,0.0003000000142492354,-0.003792736679315567,-0.026047850027680397,0.1064593642950058,ppo_icm_crafter,0.06368374824523926,1.9329112768173218,8.151519775390625
761856,207.33999633789062,6.929999828338623,82.0,0.04133916646242142,0.3193359375,0.20000000298023224,-1.3522167205810547,0.9035257697105408,0.0003000000142492354,-0.038831643760204315,-0.02717052772641182,0.1115846186876297,ppo_icm_crafter,0.06186661869287491,1.8360838890075684,7.9189276695251465
770048,204.80999755859375,6.980000019073486,82.0,0.040790706872940063,0.31486815214157104,0.20000000298023224,-1.3698382377624512,0.9212093353271484,0.0003000000142492354,-0.005772382020950317,-0.027009328827261925,0.11186739057302475,ppo_icm_crafter,0.05615514516830444,1.8478822708129883,7.187859058380127
778240,208.89999389648438,7.0,82.0,0.040481120347976685,0.31193846464157104,0.20000000298023224,-1.3736597299575806,0.9171146154403687,0.0003000000142492354,-0.025565307587385178,-0.029956988990306854,0.11698301881551743,ppo_icm_crafter,0.05832608416676521,1.9737720489501953,7.4657392501831055
786432,210.82000732421875,6.909999847412109,82.0,0.04134253412485123,0.32366943359375,0.20000000298023224,-1.3963695764541626,0.9145736694335938,0.0003000000142492354,0.03544706851243973,-0.027304628863930702,0.11306542903184891,ppo_icm_crafter,0.07503378391265869,1.8598337173461914,9.604324340820312
794624,204.41000366210938,6.829999923706055,82.0,0.04168661683797836,0.31413573026657104,0.20000000298023224,-1.3499879837036133,0.9151489734649658,0.0003000000142492354,0.020106211304664612,-0.02635810524225235,0.10578413307666779,ppo_icm_crafter,0.05419669300317764,1.8898473978042603,6.93717622756958
802816,200.1699981689453,6.739999771118164,82.0,0.037775225937366486,0.30274659395217896,0.20000000298023224,-1.3563185930252075,0.9136269092559814,0.0003000000142492354,0.007156580686569214,-0.027265826240181923,0.1172562912106514,ppo_icm_crafter,0.05846133455634117,1.9166417121887207,7.483051300048828
811008,202.00999450683594,6.760000228881836,82.0,0.03994891792535782,0.31544190645217896,0.20000000298023224,-1.3868094682693481,0.9211317300796509,0.0003000000142492354,-0.019152626395225525,-0.026919778436422348,0.1032942607998848,ppo_icm_crafter,0.062430813908576965,1.835731029510498,7.991144180297852
819200,202.82000732421875,6.639999866485596,82.0,0.042037881910800934,0.3162475526332855,0.20000000298023224,-1.339282751083374,0.9196882843971252,0.0003000000142492354,-0.014360643923282623,-0.028247198089957237,0.1041140928864479,ppo_icm_crafter,0.06165509670972824,1.919264793395996,7.891852378845215
827392,211.4499969482422,6.78000020980835,82.0,0.042800094932317734,0.32252198457717896,0.20000000298023224,-1.3415910005569458,0.9121860265731812,0.0003000000142492354,-0.005003772675991058,-0.030196698382496834,0.1134803369641304,ppo_icm_crafter,0.05825283005833626,1.9829508066177368,7.456361770629883
835584,211.92999267578125,6.960000038146973,82.0,0.04008388891816139,0.31181639432907104,0.20000000298023224,-1.3490612506866455,0.906509280204773,0.0003000000142492354,0.03816688805818558,-0.02556842938065529,0.12016243487596512,ppo_icm_crafter,0.05442902818322182,2.1313018798828125,6.966916084289551
843776,211.1699981689453,6.840000152587891,82.0,0.042754076421260834,0.32037353515625,0.20000000298023224,-1.3641437292099,0.9331210851669312,0.0003000000142492354,-0.02007114514708519,-0.028580769896507263,0.09611528366804123,ppo_icm_crafter,0.06543808430433273,1.827263355255127,8.376075744628906
851968,205.42999267578125,6.820000171661377,82.0,0.04298216849565506,0.31824952363967896,0.20000000298023224,-1.3480933904647827,0.9248718619346619,0.0003000000142492354,0.013828843832015991,-0.025835102424025536,0.10514810681343079,ppo_icm_crafter,0.05532306432723999,1.977904200553894,7.081352233886719
860160,200.30999755859375,6.96999979019165,81.0,0.04249778389930725,0.32011717557907104,0.20000000298023224,-1.3775511980056763,0.9197246432304382,0.0003000000142492354,-0.010108120739459991,-0.026275837793946266,0.12127908319234848,ppo_icm_crafter,0.06167774647474289,1.9683012962341309,7.89475154876709
868352,201.44000244140625,7.210000038146973,81.0,0.046026840806007385,0.3252807557582855,0.20000000298023224,-1.3473209142684937,0.9152964353561401,0.0003000000142492354,-0.011668819934129715,-0.026059217751026154,0.12332838028669357,ppo_icm_crafter,0.061444126069545746,2.012241840362549,7.8648481369018555
876544,199.67999267578125,7.199999809265137,81.0,0.04604896903038025,0.3296264708042145,0.20000000298023224,-1.3584965467453003,0.9261525869369507,0.0003000000142492354,-0.02311089262366295,-0.023213665932416916,0.11896572262048721,ppo_icm_crafter,0.05096324533224106,1.789687156677246,6.5232954025268555
884736,205.1999969482422,7.230000019073486,81.0,0.04446369409561157,0.31315916776657104,0.20000000298023224,-1.3359071016311646,0.9289683103561401,0.0003000000142492354,0.029118746519088745,-0.026945998892188072,0.11960594356060028,ppo_icm_crafter,0.04893503338098526,1.7556122541427612,6.263684272766113
892928,205.77000427246094,7.179999828338623,81.0,0.04224958270788193,0.3151489198207855,0.20000000298023224,-1.3142039775848389,0.9281320571899414,0.0003000000142492354,0.043006204068660736,-0.026190312579274178,0.10976196825504303,ppo_icm_crafter,0.05996014177799225,1.9559471607208252,7.674898147583008
901120,209.00999450683594,7.199999809265137,81.0,0.043639615178108215,0.31696778535842896,0.20000000298023224,-1.3383846282958984,0.9175900816917419,0.0003000000142492354,-0.005296412855386734,-0.02544531784951687,0.1364201009273529,ppo_icm_crafter,0.05217369645833969,1.9711906909942627,6.6782331466674805
909312,217.83999633789062,7.329999923706055,81.0,0.04152428358793259,0.3144164979457855,0.20000000298023224,-1.2960569858551025,0.9268980026245117,0.0003000000142492354,0.023465191945433617,-0.026467211544513702,0.11842263489961624,ppo_icm_crafter,0.046926096081733704,2.0459606647491455,6.006540298461914
917504,210.50999450683594,7.449999809265137,81.0,0.04464408755302429,0.31669920682907104,0.20000000298023224,-1.3493143320083618,0.9246119260787964,0.0003000000142492354,-5.623325705528259e-05,-0.026319697499275208,0.12512755393981934,ppo_icm_crafter,0.05183512344956398,1.6577752828598022,6.634895324707031
925696,206.0,7.510000228881836,81.0,0.04264030605554581,0.31257325410842896,0.20000000298023224,-1.2881300449371338,0.9147144556045532,0.0003000000142492354,0.003910429775714874,-0.019169222563505173,0.14163772761821747,ppo_icm_crafter,0.04922739416360855,1.7375543117523193,6.301106929779053
933888,200.7100067138672,7.179999828338623,81.0,0.042584437876939774,0.3274780213832855,0.20000000298023224,-1.3371424674987793,0.9050247669219971,0.0003000000142492354,0.0013498775660991669,-0.023750517517328262,0.1438683569431305,ppo_icm_crafter,0.05117414891719818,2.0809378623962402,6.550290584564209
942080,206.89999389648438,7.090000152587891,81.0,0.047344889491796494,0.3294311463832855,0.20000000298023224,-1.3211448192596436,0.895367443561554,0.0003000000142492354,0.004545815289020538,-0.023440444841980934,0.1681184023618698,ppo_icm_crafter,0.05414922907948494,1.5988744497299194,6.9311017990112305
950272,195.5,7.0,81.0,0.04611619561910629,0.3285766541957855,0.20000000298023224,-1.3049142360687256,0.9157503843307495,0.0003000000142492354,0.029671069234609604,-0.02605387754738331,0.13850751519203186,ppo_icm_crafter,0.0470026433467865,1.6843392848968506,6.016337871551514
958464,197.64999389648438,7.079999923706055,81.0,0.04369056969881058,0.3157958984375,0.20000000298023224,-1.2338528633117676,0.8978686928749084,0.0003000000142492354,0.04098673164844513,-0.021190283820033073,0.17215783894062042,ppo_icm_crafter,0.05251177027821541,1.6970914602279663,6.7215070724487305
966656,198.74000549316406,7.159999847412109,81.0,0.044463150203228,0.31390380859375,0.20000000298023224,-1.2652190923690796,0.9331589937210083,0.0003000000142492354,0.017634734511375427,-0.024181807413697243,0.12555302679538727,ppo_icm_crafter,0.05954121798276901,1.6381230354309082,7.621275901794434
974848,197.9600067138672,7.53000020980835,81.0,0.0425480455160141,0.3104003965854645,0.20000000298023224,-1.2373634576797485,0.92493736743927,0.0003000000142492354,-0.03536035120487213,-0.02509787678718567,0.13824257254600525,ppo_icm_crafter,0.055078133940696716,1.6697580814361572,7.0500006675720215
983040,204.0800018310547,7.590000152587891,81.0,0.04428955167531967,0.3157104551792145,0.20000000298023224,-1.2551326751708984,0.930666983127594,0.0003000000142492354,0.0015117526054382324,-0.024746080860495567,0.13671328127384186,ppo_icm_crafter,0.058745793998241425,2.0038340091705322,7.5194621086120605
991232,206.50999450683594,7.760000228881836,81.0,0.04707406088709831,0.32667237520217896,0.20000000298023224,-1.2693716287612915,0.9379090070724487,0.0003000000142492354,-0.012846529483795166,-0.025954753160476685,0.12258967757225037,ppo_icm_crafter,0.054830245673656464,1.9532034397125244,7.018271446228027
999424,209.6699981689453,7.739999771118164,81.0,0.046812817454338074,0.3131957948207855,0.20000000298023224,-1.2056934833526611,0.9471186399459839,0.0003000000142492354,0.001984208822250366,-0.02163371630012989,0.11740382015705109,ppo_icm_crafter,0.0573124960064888,1.6789882183074951,7.335999488830566
1007616,203.35000610351562,7.789999961853027,81.0,0.048791080713272095,0.32220458984375,0.20000000298023224,-1.2619340419769287,0.952788770198822,0.0003000000142492354,-0.007449047639966011,-0.023229967802762985,0.10526210069656372,ppo_icm_crafter,0.054277073591947556,1.6130447387695312,6.947465419769287
8192,180.11363220214844,1.5090909004211426,118.0,,,,,,,,,,ppo_vae_crafter,,,
16384,177.14285278320312,1.6384615898132324,103.0,0.011157284490764141,0.10367431491613388,0.20000000298023224,-2.824704647064209,-0.5394322872161865,0.0003000000142492354,-0.00045255571603775024,-0.02020220458507538,0.09574508666992188,ppo_vae_crafter,,,
24576,172.49000549316406,1.600000023841858,100.0,0.010594567283987999,0.11279296875,0.20000000298023224,-2.8095250129699707,0.1956310272216797,0.0003000000142492354,0.013563696295022964,-0.02285635657608509,0.09210541844367981,ppo_vae_crafter,,,
32768,172.0800018310547,1.6699999570846558,99.0,0.012048153206706047,0.14505615830421448,0.20000000298023224,-2.793867588043213,0.32568156719207764,0.0003000000142492354,-0.005116865038871765,-0.025401521474123,0.09687142819166183,ppo_vae_crafter,,,
40960,175.8699951171875,1.8799999952316284,99.0,0.012737023644149303,0.15706786513328552,0.20000000298023224,-2.7777419090270996,0.43932515382766724,0.0003000000142492354,-0.000815659761428833,-0.02704685553908348,0.10485414415597916,ppo_vae_crafter,,,
49152,172.49000549316406,1.9299999475479126,97.0,0.011939827352762222,0.14467772841453552,0.20000000298023224,-2.756086826324463,0.5273580551147461,0.0003000000142492354,0.014737658202648163,-0.025140391662716866,0.10587029904127121,ppo_vae_crafter,,,
57344,177.25999450683594,2.0799999237060547,97.0,0.01363813690841198,0.16351318359375,0.20000000298023224,-2.740548849105835,0.6271649599075317,0.0003000000142492354,0.00357658788561821,-0.027418259531259537,0.10232618451118469,ppo_vae_crafter,,,
65536,173.9600067138672,2.25,97.0,0.013138930313289165,0.16436767578125,0.20000000298023224,-2.711027145385742,0.6333073377609253,0.0003000000142492354,0.03642965480685234,-0.02655426785349846,0.1218591257929802,ppo_vae_crafter,,,
73728,175.0800018310547,2.380000114440918,96.0,0.013268930837512016,0.17363281548023224,0.20000000298023224,-2.6855862140655518,0.7089981436729431,0.0003000000142492354,-0.000257052481174469,-0.0253340695053339,0.11621566861867905,ppo_vae_crafter,,,
81920,170.97999572753906,2.4100000858306885,96.0,0.01475913543254137,0.18614502251148224,0.20000000298023224,-2.6618144512176514,0.6889047622680664,0.0003000000142492354,0.035197146236896515,-0.03007577173411846,0.12142860144376755,ppo_vae_crafter,,,
90112,171.38999938964844,2.509999990463257,96.0,0.01457917969673872,0.17133788764476776,0.20000000298023224,-2.6427512168884277,0.6794492602348328,0.0003000000142492354,0.018506698310375214,-0.027595700696110725,0.12962326407432556,ppo_vae_crafter,,,
98304,175.0399932861328,2.690000057220459,96.0,0.0156691987067461,0.18259277939796448,0.20000000298023224,-2.61509108543396,0.7539920806884766,0.0003000000142492354,0.019770272076129913,-0.027609102427959442,0.11786084622144699,ppo_vae_crafter,,,
106496,181.86000061035156,2.880000114440918,96.0,0.015841230750083923,0.19901123642921448,0.20000000298023224,-2.5788450241088867,0.7573446035385132,0.0003000000142492354,0.040470197796821594,-0.028817065060138702,0.12149930745363235,ppo_vae_crafter,,,
114688,178.14999389648438,2.930000066757202,96.0,0.016318198293447495,0.200439453125,0.20000000298023224,-2.553955554962158,0.7696087956428528,0.0003000000142492354,0.027933388948440552,-0.028368443250656128,0.12235528975725174,ppo_vae_crafter,,,
122880,179.07000732421875,3.0299999713897705,96.0,0.01758754998445511,0.22221679985523224,0.20000000298023224,-2.5116329193115234,0.7565927505493164,0.0003000000142492354,0.04384160786867142,-0.03066711686551571,0.12502098083496094,ppo_vae_crafter,,,
131072,182.58999633789062,3.140000104904175,96.0,0.016108985990285873,0.20076903700828552,0.20000000298023224,-2.4700675010681152,0.7973476648330688,0.0003000000142492354,0.028385616838932037,-0.027534114196896553,0.10727619379758835,ppo_vae_crafter,,,
139264,183.24000549316406,3.2300000190734863,95.0,0.017820578068494797,0.224365234375,0.20000000298023224,-2.4763758182525635,0.7941457033157349,0.0003000000142492354,0.00013352185487747192,-0.02917899563908577,0.10876137763261795,ppo_vae_crafter,,,
147456,184.99000549316406,3.3399999141693115,95.0,0.018705205991864204,0.229248046875,0.20000000298023224,-2.430785655975342,0.7954114079475403,0.0003000000142492354,0.05857352167367935,-0.028006326407194138,0.11414868384599686,ppo_vae_crafter,,,
155648,187.2100067138672,3.4100000858306885,95.0,0.01920405589044094,0.23428955674171448,0.20000000298023224,-2.382228374481201,0.8205554485321045,0.0003000000142492354,-0.003519803285598755,-0.028822561725974083,0.0964292362332344,ppo_vae_crafter,,,
163840,187.9199981689453,3.359999895095825,96.0,0.019909286871552467,0.23220214247703552,0.20000000298023224,-2.3702995777130127,0.8059384226799011,0.0003000000142492354,-0.022830478847026825,-0.02721637301146984,0.10328477621078491,ppo_vae_crafter,,,
172032,191.75999450683594,3.3299999237060547,96.0,0.019144199788570404,0.22620849311351776,0.20000000298023224,-2.2960851192474365,0.7985656261444092,0.0003000000142492354,0.01113785058259964,-0.02694397233426571,0.09410782903432846,ppo_vae_crafter,,,
180224,182.0500030517578,3.359999895095825,96.0,0.020689401775598526,0.24530029296875,0.20000000298023224,-2.300159215927124,0.8234308362007141,0.0003000000142492354,-0.019221724942326546,-0.027855735272169113,0.08469780534505844,ppo_vae_crafter,,,
188416,182.0800018310547,3.5199999809265137,96.0,0.02072695456445217,0.24819335341453552,0.20000000298023224,-2.257896900177002,0.8118782043457031,0.0003000000142492354,0.0033242255449295044,-0.028393933549523354,0.09063921123743057,ppo_vae_crafter,,,
196608,182.63999938964844,3.559999942779541,96.0,0.021031614392995834,0.24722900986671448,0.20000000298023224,-2.270796298980713,0.8001623749732971,0.0003000000142492354,0.009518865495920181,-0.029407957568764687,0.09547156095504761,ppo_vae_crafter,,,
204800,182.88999938964844,3.5199999809265137,97.0,0.022340215742588043,0.26606446504592896,0.20000000298023224,-2.257713556289673,0.8105786442756653,0.0003000000142492354,-0.021840859204530716,-0.02812102809548378,0.0931786596775055,ppo_vae_crafter,,,
212992,189.83999633789062,3.690000057220459,97.0,0.02290358394384384,0.25440675020217896,0.20000000298023224,-2.180311679840088,0.8371371626853943,0.0003000000142492354,0.001542581245303154,-0.029649289324879646,0.08532685786485672,ppo_vae_crafter,,,
221184,188.80999755859375,3.9700000286102295,97.0,0.02177025005221367,0.25128173828125,0.20000000298023224,-2.1405467987060547,0.846453070640564,0.0003000000142492354,0.006946239620447159,-0.026969188824295998,0.09070387482643127,ppo_vae_crafter,,,
229376,189.72999572753906,4.039999961853027,97.0,0.02279222197830677,0.25318604707717896,0.20000000298023224,-2.126882314682007,0.8198949694633484,0.0003000000142492354,0.002890646457672119,-0.02777956798672676,0.09347082674503326,ppo_vae_crafter,,,
237568,189.0399932861328,4.010000228881836,97.0,0.021883569657802582,0.24241943657398224,0.20000000298023224,-2.117506504058838,0.8159582018852234,0.0003000000142492354,0.01766570284962654,-0.028217408806085587,0.09721994400024414,ppo_vae_crafter,,,
245760,193.6300048828125,3.9600000381469727,97.0,0.023247908800840378,0.26005858182907104,0.20000000298023224,-2.0816454887390137,0.8134364485740662,0.0003000000142492354,-0.008614711463451385,-0.028038064017891884,0.10454083979129791,ppo_vae_crafter,,,
253952,188.44000244140625,4.03000020980835,97.0,0.024561157450079918,0.2683349549770355,0.20000000298023224,-2.080608606338501,0.8293195962905884,0.0003000000142492354,-0.019747402518987656,-0.026976430788636208,0.09230120480060577,ppo_vae_crafter,,,
262144,189.2100067138672,4.179999828338623,98.0,0.02287089079618454,0.2702392637729645,0.20000000298023224,-2.0634994506835938,0.8266724348068237,0.0003000000142492354,0.03438623622059822,-0.02646506018936634,0.12058478593826294,ppo_vae_crafter,,,
270336,190.39999389648438,4.269999980926514,98.0,0.023388145491480827,0.26665037870407104,0.20000000298023224,-1.9982924461364746,0.8548796772956848,0.0003000000142492354,-0.01813981682062149,-0.02783735655248165,0.1033647283911705,ppo_vae_crafter,,,
278528,190.5,4.360000133514404,98.0,0.023046862334012985,0.26716309785842896,0.20000000298023224,-1.9807277917861938,0.8653050661087036,0.0003000000142492354,0.023995250463485718,-0.029036592692136765,0.08913259953260422,ppo_vae_crafter,,,
286720,186.47000122070312,4.420000076293945,98.0,0.02499629743397236,0.2725585997104645,0.20000000298023224,-1.9350942373275757,0.8690667748451233,0.0003000000142492354,-0.012092068791389465,-0.03140353411436081,0.08909150958061218,ppo_vae_crafter,,,
294912,189.5399932861328,4.510000228881836,98.0,0.024432944133877754,0.26536864042282104,0.20000000298023224,-1.9067847728729248,0.8716205358505249,0.0003000000142492354,-0.0005673356354236603,-0.027201252058148384,0.09347918629646301,ppo_vae_crafter,,,
303104,191.86000061035156,4.769999980926514,98.0,0.02509726956486702,0.26500242948532104,0.20000000298023224,-1.9019380807876587,0.8647934198379517,0.0003000000142492354,-0.02877320721745491,-0.028097156435251236,0.09731906652450562,ppo_vae_crafter,,,
311296,190.14999389648438,4.75,98.0,0.0253041610121727,0.2591186463832855,0.20000000298023224,-1.8217198848724365,0.8819104433059692,0.0003000000142492354,0.015268707647919655,-0.02808474563062191,0.09305354952812195,ppo_vae_crafter,,,
319488,190.60000610351562,4.639999866485596,98.0,0.024066204205155373,0.25214844942092896,0.20000000298023224,-1.7905927896499634,0.8770350217819214,0.0003000000142492354,0.013247620314359665,-0.025152279064059258,0.09408208727836609,ppo_vae_crafter,,,
327680,194.82000732421875,4.78000020980835,98.0,0.02488652616739273,0.2623046934604645,0.20000000298023224,-1.800073504447937,0.8586537837982178,0.0003000000142492354,-0.005430227145552635,-0.029950609430670738,0.10047288984060287,ppo_vae_crafter,,,
335872,192.91000366210938,4.829999923706055,98.0,0.025696661323308945,0.27202147245407104,0.20000000298023224,-1.7771421670913696,0.8616557121276855,0.0003000000142492354,-0.012321079149842262,-0.024332493543624878,0.10759208351373672,ppo_vae_crafter,,,
344064,196.52999877929688,4.650000095367432,98.0,0.02835676446557045,0.28461915254592896,0.20000000298023224,-1.7701414823532104,0.8907116055488586,0.0003000000142492354,-0.03589552268385887,-0.030642395839095116,0.09111062437295914,ppo_vae_crafter,,,
352256,189.3000030517578,4.570000171661377,99.0,0.02805638685822487,0.27360838651657104,0.20000000298023224,-1.7477115392684937,0.8953648209571838,0.0003000000142492354,-0.038726307451725006,-0.027798881754279137,0.09172998368740082,ppo_vae_crafter,,,
360448,185.1999969482422,4.75,99.0,0.027662243694067,0.28358155488967896,0.20000000298023224,-1.7753257751464844,0.8852381706237793,0.0003000000142492354,-0.0017602071166038513,-0.02788267470896244,0.09769879281520844,ppo_vae_crafter,,,
368640,189.1199951171875,4.869999885559082,99.0,0.02716102823615074,0.27012938261032104,0.20000000298023224,-1.716120719909668,0.8879351019859314,0.0003000000142492354,-0.019097328186035156,-0.027473807334899902,0.0938023179769516,ppo_vae_crafter,,,
376832,185.3699951171875,4.829999923706055,99.0,0.027127988636493683,0.2757934629917145,0.20000000298023224,-1.6942658424377441,0.8938544988632202,0.0003000000142492354,-0.002289295196533203,-0.027075136080384254,0.08678628504276276,ppo_vae_crafter,,,
385024,182.35000610351562,4.929999828338623,99.0,0.02879195660352707,0.2776122987270355,0.20000000298023224,-1.6730945110321045,0.874738872051239,0.0003000000142492354,-0.002764519304037094,-0.027316296473145485,0.1067371815443039,ppo_vae_crafter,,,
393216,185.0399932861328,4.980000019073486,99.0,0.029146935790777206,0.28923338651657104,0.20000000298023224,-1.6768683195114136,0.8932133913040161,0.0003000000142492354,-0.0023632273077964783,-0.02867552824318409,0.10022160410881042,ppo_vae_crafter,,,
401408,186.60000610351562,5.070000171661377,99.0,0.031149135902523994,0.2967285215854645,0.20000000298023224,-1.6504675149917603,0.8711512684822083,0.0003000000142492354,-0.023918163031339645,-0.028260421007871628,0.10827822983264923,ppo_vae_crafter,,,
409600,189.4600067138672,5.090000152587891,99.0,0.03141963481903076,0.2921142578125,0.20000000298023224,-1.66590416431427,0.9106040596961975,0.0003000000142492354,-0.027787761762738228,-0.028406232595443726,0.07778461277484894,ppo_vae_crafter,,,
417792,189.3800048828125,5.090000152587891,99.0,0.029695063829421997,0.27751463651657104,0.20000000298023224,-1.6377350091934204,0.896315336227417,0.0003000000142492354,-0.030666451901197433,-0.02595815621316433,0.09671398252248764,ppo_vae_crafter,,,
425984,184.77999877929688,4.980000019073486,98.0,0.03077344223856926,0.29743653535842896,0.20000000298023224,-1.630260705947876,0.9000006914138794,0.0003000000142492354,-0.016581766307353973,-0.02671855315566063,0.08436601608991623,ppo_vae_crafter,,,
434176,182.25999450683594,4.940000057220459,98.0,0.031212132424116135,0.28521728515625,0.20000000298023224,-1.5785249471664429,0.9021548628807068,0.0003000000142492354,-0.029265983030200005,-0.0256405808031559,0.08639558404684067,ppo_vae_crafter,,,
442368,183.6999969482422,4.989999771118164,98.0,0.03125925362110138,0.28319090604782104,0.20000000298023224,-1.5941026210784912,0.914064347743988,0.0003000000142492354,-0.019171303138136864,-0.02813440002501011,0.07719288021326065,ppo_vae_crafter,,,
450560,188.88999938964844,4.980000019073486,98.0,0.030169900506734848,0.2880859375,0.20000000298023224,-1.5775368213653564,0.9065701365470886,0.0003000000142492354,-0.03949118033051491,-0.027589818462729454,0.0871380940079689,ppo_vae_crafter,,,
458752,187.05999755859375,4.96999979019165,98.0,0.03318996727466583,0.30622559785842896,0.20000000298023224,-1.579436182975769,0.9002557992935181,0.0003000000142492354,0.032119981944561005,-0.023512857034802437,0.09419716149568558,ppo_vae_crafter,,,
466944,181.63999938964844,5.150000095367432,98.0,0.03487300127744675,0.31138914823532104,0.20000000298023224,-1.5869755744934082,0.9104415774345398,0.0003000000142492354,-0.011903420090675354,-0.023085715249180794,0.08861048519611359,ppo_vae_crafter,,,
475136,182.89999389648438,5.199999809265137,98.0,0.032193198800086975,0.2835937440395355,0.20000000298023224,-1.5507965087890625,0.9080969095230103,0.0003000000142492354,0.0023149289190769196,-0.024536946788430214,0.08788961917161942,ppo_vae_crafter,,,
483328,183.49000549316406,5.210000038146973,98.0,0.03363430127501488,0.30140382051467896,0.20000000298023224,-1.5830110311508179,0.9097026586532593,0.0003000000142492354,0.011205751448869705,-0.026317570358514786,0.08983974158763885,ppo_vae_crafter,,,
491520,191.80999755859375,5.260000228881836,98.0,0.03392920643091202,0.29168701171875,0.20000000298023224,-1.5345544815063477,0.9248054027557373,0.0003000000142492354,-0.0002620350569486618,-0.024963192641735077,0.07740622758865356,ppo_vae_crafter,,,
499712,192.35000610351562,5.300000190734863,98.0,0.031809911131858826,0.2749877870082855,0.20000000298023224,-1.505394697189331,0.9182462692260742,0.0003000000142492354,-0.030026888474822044,-0.02610197849571705,0.07664038240909576,ppo_vae_crafter,,,
507904,192.3300018310547,5.360000133514404,98.0,0.03381548821926117,0.2923950254917145,0.20000000298023224,-1.5129023790359497,0.9167243838310242,0.0003000000142492354,0.020641764625906944,-0.02677491307258606,0.08667758852243423,ppo_vae_crafter,,,
516096,196.6199951171875,5.489999771118164,98.0,0.03369623050093651,0.29591065645217896,0.20000000298023224,-1.4910749197006226,0.9037165641784668,0.0003000000142492354,0.026049861684441566,-0.02433755435049534,0.08913418650627136,ppo_vae_crafter,,,
524288,195.3300018310547,5.510000228881836,98.0,0.03523404896259308,0.28802490234375,0.20000000298023224,-1.5035659074783325,0.9033905267715454,0.0003000000142492354,-0.03530101105570793,-0.026013994589447975,0.08732975274324417,ppo_vae_crafter,,,
532480,193.47000122070312,5.380000114440918,98.0,0.03659207001328468,0.2932983338832855,0.20000000298023224,-1.5182678699493408,0.9052543044090271,0.0003000000142492354,0.010045468807220459,-0.02130909636616707,0.09286395460367203,ppo_vae_crafter,,,
540672,187.47999572753906,5.260000228881836,98.0,0.035238008946180344,0.2892089784145355,0.20000000298023224,-1.473562240600586,0.9068974256515503,0.0003000000142492354,-0.007398270070552826,-0.023039164021611214,0.08664830774068832,ppo_vae_crafter,,,
548864,191.44000244140625,5.170000076293945,98.0,0.03552388399839401,0.3064819276332855,0.20000000298023224,-1.467037320137024,0.9033213257789612,0.0003000000142492354,-0.01935628056526184,-0.024560945108532906,0.09329678118228912,ppo_vae_crafter,,,
557056,191.11000061035156,5.25,98.0,0.03637312352657318,0.30670166015625,0.20000000298023224,-1.4356738328933716,0.9182626605033875,0.0003000000142492354,-0.03831774368882179,-0.02158869244158268,0.07467751950025558,ppo_vae_crafter,,,
565248,195.52000427246094,5.409999847412109,98.0,0.035831376910209656,0.2897094786167145,0.20000000298023224,-1.4215630292892456,0.9200082421302795,0.0003000000142492354,-0.02826502174139023,-0.02187531813979149,0.08542496711015701,ppo_vae_crafter,,,
573440,194.38999938964844,5.380000114440918,98.0,0.03526610881090164,0.29713135957717896,0.20000000298023224,-1.4162826538085938,0.9136636257171631,0.0003000000142492354,0.000947900116443634,-0.025511402636766434,0.09032028168439865,ppo_vae_crafter,,,
581632,190.2100067138672,5.480000019073486,98.0,0.03503033146262169,0.2887939512729645,0.20000000298023224,-1.4028037786483765,0.9136728048324585,0.0003000000142492354,-0.03686762601137161,-0.024124935269355774,0.08071071654558182,ppo_vae_crafter,,,
589824,192.27999877929688,5.480000019073486,98.0,0.03591849282383919,0.29395753145217896,0.20000000298023224,-1.4157394170761108,0.9167042374610901,0.0003000000142492354,-0.04427342861890793,-0.02677968144416809,0.08712349832057953,ppo_vae_crafter,,,
598016,187.5800018310547,5.46999979019165,98.0,0.03529056906700134,0.30609130859375,0.20000000298023224,-1.475300908088684,0.9193302392959595,0.0003000000142492354,-0.002785954624414444,-0.0214593056589365,0.08440079540014267,ppo_vae_crafter,,,
606208,187.85000610351562,5.670000076293945,98.0,0.03418058902025223,0.2952514588832855,0.20000000298023224,-1.4531654119491577,0.9182199239730835,0.0003000000142492354,-0.01058955118060112,-0.024079183116555214,0.09339118003845215,ppo_vae_crafter,,,
614400,186.07000732421875,5.599999904632568,98.0,0.0378807857632637,0.31660157442092896,0.20000000298023224,-1.5003271102905273,0.9058077335357666,0.0003000000142492354,-0.004490766674280167,-0.02620210312306881,0.09740087389945984,ppo_vae_crafter,,,
622592,184.77999877929688,5.380000114440918,99.0,0.03420491889119148,0.2879272401332855,0.20000000298023224,-1.452506184577942,0.9144307971000671,0.0003000000142492354,-0.01240546628832817,-0.023146003484725952,0.09007655829191208,ppo_vae_crafter,,,
630784,186.49000549316406,5.510000228881836,99.0,0.04032772034406662,0.3141845762729645,0.20000000298023224,-1.4417484998703003,0.9227508306503296,0.0003000000142492354,-0.027309950441122055,-0.025281338021159172,0.07954352349042892,ppo_vae_crafter,,,
638976,189.60000610351562,5.710000038146973,99.0,0.03853712975978851,0.3119140565395355,0.20000000298023224,-1.4633047580718994,0.9284254312515259,0.0003000000142492354,-0.019933106377720833,-0.021647201851010323,0.07648509740829468,ppo_vae_crafter,,,
647168,189.77000427246094,5.550000190734863,99.0,0.035264912992715836,0.29997557401657104,0.20000000298023224,-1.445316195487976,0.9358643889427185,0.0003000000142492354,-0.005038632079958916,-0.026703380048274994,0.06959239393472672,ppo_vae_crafter,,,
655360,189.97000122070312,5.590000152587891,99.0,0.0394064337015152,0.3076171875,0.20000000298023224,-1.4117828607559204,0.923421323299408,0.0003000000142492354,-0.0037215761840343475,-0.024664131924510002,0.07657026499509811,ppo_vae_crafter,,,
663552,184.99000549316406,5.639999866485596,99.0,0.0371520072221756,0.3089599609375,0.20000000298023224,-1.450574517250061,0.9252598285675049,0.0003000000142492354,-0.020198633894324303,-0.025406235828995705,0.08096626400947571,ppo_vae_crafter,,,
671744,185.3000030517578,5.630000114440918,99.0,0.04063558205962181,0.3173461854457855,0.20000000298023224,-1.467415690422058,0.9213290214538574,0.0003000000142492354,0.0063274092972278595,-0.022508330643177032,0.08228900283575058,ppo_vae_crafter,,,
679936,187.10000610351562,5.559999942779541,99.0,0.04013623297214508,0.3385009765625,0.20000000298023224,-1.48970365524292,0.9229898452758789,0.0003000000142492354,-0.01948300190269947,-0.01779431477189064,0.08588527143001556,ppo_vae_crafter,,,
688128,186.7899932861328,5.650000095367432,99.0,0.039547935128211975,0.32159423828125,0.20000000298023224,-1.4758669137954712,0.9295915365219116,0.0003000000142492354,-0.011874744668602943,-0.019511623308062553,0.08188070356845856,ppo_vae_crafter,,,
696320,186.97999572753906,5.599999904632568,99.0,0.04060288518667221,0.3148437440395355,0.20000000298023224,-1.4367979764938354,0.9105284810066223,0.0003000000142492354,-0.044957179576158524,-0.023844661191105843,0.09661392867565155,ppo_vae_crafter,,,
704512,187.72999572753906,5.670000076293945,99.0,0.03829251974821091,0.3148559629917145,0.20000000298023224,-1.4303839206695557,0.9221348762512207,0.0003000000142492354,-0.014963265508413315,-0.023316841572523117,0.08444594591856003,ppo_vae_crafter,,,
712704,185.88999938964844,5.710000038146973,99.0,0.041020192205905914,0.3158935606479645,0.20000000298023224,-1.4189362525939941,0.9149489402770996,0.0003000000142492354,-0.04081983119249344,-0.026414955034852028,0.09401880204677582,ppo_vae_crafter,,,
720896,186.88999938964844,5.730000019073486,99.0,0.0404340997338295,0.31529539823532104,0.20000000298023224,-1.3957250118255615,0.9183693528175354,0.0003000000142492354,0.05992865189909935,-0.02449592389166355,0.08984967321157455,ppo_vae_crafter,,,
729088,188.75999450683594,5.550000190734863,99.0,0.038394372910261154,0.31354981660842896,0.20000000298023224,-1.3972091674804688,0.9353089928627014,0.0003000000142492354,-0.0268941018730402,-0.02481290139257908,0.07295413315296173,ppo_vae_crafter,,,
737280,192.5399932861328,5.630000114440918,99.0,0.03932895511388779,0.30498045682907104,0.20000000298023224,-1.347918152809143,0.9319255948066711,0.0003000000142492354,-0.003116309642791748,-0.020948123186826706,0.07878372073173523,ppo_vae_crafter,,,
745472,194.42999267578125,5.760000228881836,99.0,0.039519116282463074,0.3130737245082855,0.20000000298023224,-1.35589599609375,0.9082932472229004,0.0003000000142492354,-0.006672367453575134,-0.02252175100147724,0.09156912565231323,ppo_vae_crafter,,,
753664,196.61000061035156,5.860000133514404,99.0,0.040229544043540955,0.3210693299770355,0.20000000298023224,-1.3518258333206177,0.9194477796554565,0.0003000000142492354,0.0005793645977973938,-0.022858411073684692,0.09199836850166321,ppo_vae_crafter,,,
761856,195.19000244140625,5.800000190734863,99.0,0.03548762947320938,0.30369871854782104,0.20000000298023224,-1.3583084344863892,0.9326058030128479,0.0003000000142492354,0.03920994699001312,-0.02311677671968937,0.07603266090154648,ppo_vae_crafter,,,
770048,188.3000030517578,5.75,99.0,0.04075688123703003,0.3002075254917145,0.20000000298023224,-1.3595155477523804,0.9234869480133057,0.0003000000142492354,-0.03234494850039482,-0.023626917973160744,0.08650438487529755,ppo_vae_crafter,,,
778240,187.50999450683594,5.869999885559082,99.0,0.03780200704932213,0.3086181581020355,0.20000000298023224,-1.3567808866500854,0.9322895407676697,0.0003000000142492354,-0.0006113611161708832,-0.020707784220576286,0.07873077690601349,ppo_vae_crafter,,,
786432,183.72000122070312,5.739999771118164,99.0,0.038121894001960754,0.29931640625,0.20000000298023224,-1.3283720016479492,0.9238896369934082,0.0003000000142492354,-0.010305061936378479,-0.02098545990884304,0.09400015324354172,ppo_vae_crafter,,,
794624,188.0500030517578,5.71999979019165,99.0,0.0364852100610733,0.2953857481479645,0.20000000298023224,-1.3411226272583008,0.9388424754142761,0.0003000000142492354,-0.005906581878662109,-0.023263927549123764,0.07764355838298798,ppo_vae_crafter,,,
802816,188.86000061035156,5.880000114440918,99.0,0.04214334487915039,0.3268798887729645,0.20000000298023224,-1.351549506187439,0.9343999624252319,0.0003000000142492354,-0.00703570619225502,-0.023866118863224983,0.08075197041034698,ppo_vae_crafter,,,
811008,184.6999969482422,5.730000019073486,99.0,0.04095526784658432,0.3165527284145355,0.20000000298023224,-1.3233622312545776,0.9264189004898071,0.0003000000142492354,-0.04544537886977196,-0.02156837098300457,0.09011281281709671,ppo_vae_crafter,,,
819200,182.4499969482422,5.840000152587891,99.0,0.04225380718708038,0.32354736328125,0.20000000298023224,-1.3334546089172363,0.9379056692123413,0.0003000000142492354,-0.026999086141586304,-0.02524494379758835,0.07208555936813354,ppo_vae_crafter,,,
827392,186.74000549316406,5.96999979019165,99.0,0.04277459532022476,0.30109864473342896,0.20000000298023224,-1.3101495504379272,0.9390112161636353,0.0003000000142492354,-0.02647225931286812,-0.025068584829568863,0.07683591544628143,ppo_vae_crafter,,,
835584,188.74000549316406,6.059999942779541,99.0,0.04026459902524948,0.3133911192417145,0.20000000298023224,-1.3257160186767578,0.9289498329162598,0.0003000000142492354,-0.01314227283000946,-0.02238563261926174,0.08176292479038239,ppo_vae_crafter,,,
843776,189.57000732421875,6.0,99.0,0.039026692509651184,0.31590574979782104,0.20000000298023224,-1.349806547164917,0.9164831638336182,0.0003000000142492354,-0.012247137725353241,-0.02047545462846756,0.0970449224114418,ppo_vae_crafter,,,
851968,189.8300018310547,5.900000095367432,99.0,0.04265643656253815,0.318359375,0.20000000298023224,-1.316393256187439,0.923019289970398,0.0003000000142492354,-0.014221128076314926,-0.023149633780121803,0.0841674730181694,ppo_vae_crafter,,,
860160,191.63999938964844,5.949999809265137,99.0,0.03751004487276077,0.29986572265625,0.20000000298023224,-1.2741594314575195,0.9176140427589417,0.0003000000142492354,-0.015523962676525116,-0.023269878700375557,0.08771276473999023,ppo_vae_crafter,,,
868352,187.58999633789062,6.079999923706055,99.0,0.04087470471858978,0.29974365234375,0.20000000298023224,-1.282228946685791,0.9256504774093628,0.0003000000142492354,-0.002310585230588913,-0.023361580446362495,0.08261141180992126,ppo_vae_crafter,,,
876544,187.89999389648438,6.269999980926514,99.0,0.0387592576444149,0.29552000761032104,0.20000000298023224,-1.2805081605911255,0.9348486661911011,0.0003000000142492354,-0.02728152647614479,-0.022555073723196983,0.07489828020334244,ppo_vae_crafter,,,
884736,190.55999755859375,6.340000152587891,99.0,0.042520590126514435,0.3155151307582855,0.20000000298023224,-1.2774709463119507,0.9292920231819153,0.0003000000142492354,-0.010167352855205536,-0.023277539759874344,0.08139172196388245,ppo_vae_crafter,,,
892928,193.5800018310547,6.230000019073486,99.0,0.043990448117256165,0.31871336698532104,0.20000000298023224,-1.2763407230377197,0.9362834095954895,0.0003000000142492354,-0.016088295727968216,-0.021473783999681473,0.07673094421625137,ppo_vae_crafter,,,
901120,196.72000122070312,6.170000076293945,99.0,0.043780818581581116,0.3136840760707855,0.20000000298023224,-1.2882381677627563,0.9208647608757019,0.0003000000142492354,-0.022831544280052185,-0.020748252049088478,0.09174292534589767,ppo_vae_crafter,,,
909312,194.94000244140625,6.329999923706055,99.0,0.04110081493854523,0.3033447265625,0.20000000298023224,-1.2885024547576904,0.9342705607414246,0.0003000000142492354,-0.02399158850312233,-0.022201158106327057,0.0854581668972969,ppo_vae_crafter,,,
917504,196.5800018310547,6.300000190734863,99.0,0.04319390654563904,0.31281739473342896,0.20000000298023224,-1.2727428674697876,0.9357749223709106,0.0003000000142492354,0.03654645010828972,-0.02317374385893345,0.08374814689159393,ppo_vae_crafter,,,
925696,190.0500030517578,6.369999885559082,99.0,0.04252655431628227,0.29938966035842896,0.20000000298023224,-1.257396936416626,0.9361149072647095,0.0003000000142492354,-0.019650623202323914,-0.020398084074258804,0.08437023311853409,ppo_vae_crafter,,,
933888,188.8000030517578,6.269999980926514,99.0,0.0418364442884922,0.30134278535842896,0.20000000298023224,-1.2596781253814697,0.9312011003494263,0.0003000000142492354,-0.017447665333747864,-0.02243565022945404,0.09189032763242722,ppo_vae_crafter,,,
942080,188.72000122070312,6.409999847412109,99.0,0.039660923182964325,0.2967895567417145,0.20000000298023224,-1.224334716796875,0.9362831711769104,0.0003000000142492354,-0.020766155794262886,-0.02327105961740017,0.08918771147727966,ppo_vae_crafter,,,
950272,189.6300048828125,6.480000019073486,99.0,0.04074692353606224,0.29552000761032104,0.20000000298023224,-1.255646824836731,0.9377747178077698,0.0003000000142492354,-0.008119985461235046,-0.02273668348789215,0.08310175687074661,ppo_vae_crafter,,,
958464,190.41000366210938,6.449999809265137,99.0,0.03836362063884735,0.29920655488967896,0.20000000298023224,-1.2887078523635864,0.9280157089233398,0.0003000000142492354,-0.023623589426279068,-0.024119263514876366,0.09355907142162323,ppo_vae_crafter,,,
966656,189.25999450683594,6.480000019073486,99.0,0.043169379234313965,0.3118652403354645,0.20000000298023224,-1.2597813606262207,0.949052095413208,0.0003000000142492354,0.004930492490530014,-0.023325195536017418,0.07425106316804886,ppo_vae_crafter,,,
974848,185.5,6.440000057220459,99.0,0.040656208992004395,0.3030151426792145,0.20000000298023224,-1.263978123664856,0.9463610649108887,0.0003000000142492354,-0.046574871987104416,-0.023745432496070862,0.07940305024385452,ppo_vae_crafter,,,
983040,187.19000244140625,6.389999866485596,99.0,0.04185863956809044,0.29704588651657104,0.20000000298023224,-1.2351664304733276,0.9451444745063782,0.0003000000142492354,-0.03805616870522499,-0.023667171597480774,0.08771176636219025,ppo_vae_crafter,,,
991232,188.99000549316406,6.590000152587891,99.0,0.04203886538743973,0.3057617247104645,0.20000000298023224,-1.2647291421890259,0.9451910853385925,0.0003000000142492354,0.030399775132536888,-0.02347060665488243,0.07755760103464127,ppo_vae_crafter,,,
999424,193.33999633789062,6.449999809265137,99.0,0.03941725939512253,0.29682618379592896,0.20000000298023224,-1.2598527669906616,0.942236065864563,0.0003000000142492354,0.015558920800685883,-0.02370097115635872,0.08961561322212219,ppo_vae_crafter,,,
1007616,198.0800018310547,6.510000228881836,99.0,0.04556595906615257,0.3239379823207855,0.20000000298023224,-1.2826722860336304,0.9428593516349792,0.0003000000142492354,0.0430280938744545,-0.01895289495587349,0.08832177519798279,ppo_vae_crafter,,,
