step,reward_mean,success_rate,value_loss,policy_loss,entropy_loss,loss_moving_avg,reward_breakdown
8192,1.3765957446808512,1.0,nan,nan,nan,nan,"{'collect_coal': 0.0, 'collect_diamond': 0.0, 'collect_drink': 0.3333333333333333, 'collect_iron': 0.0, 'collect_sapling': 0.75, 'collect_stone': 0.0, 'collect_wood': 0.0, 'defeat_skeleton': 0.0, 'defeat_zombie': 0.0, 'eat_cow': 0.0, 'eat_plant': 0.0, 'make_iron_pickaxe': 0.0, 'make_iron_sword': 0.0, 'make_stone_pickaxe': 0.0, 'make_stone_sword': 0.0, 'make_wood_pickaxe': 0.0, 'make_wood_sword': 0.0, 'place_furnace': 0.0, 'place_plant': 0.5833333333333334, 'place_stone': 0.0, 'place_table': 0.0, 'wake_up': 1.9166666666666667}"
16384,1.4333333333333333,1.0,0.120063263332122,nan,-2.8249186001718045,0.120063263332122,"{'collect_coal': 0.0, 'collect_diamond': 0.0, 'collect_drink': 0.24, 'collect_iron': 0.0, 'collect_sapling': 0.92, 'collect_stone': 0.0, 'collect_wood': 0.28, 'defeat_skeleton': 0.0, 'defeat_zombie': 0.0, 'eat_cow': 0.0, 'eat_plant': 0.0, 'make_iron_pickaxe': 0.0, 'make_iron_sword': 0.0, 'make_stone_pickaxe': 0.0, 'make_stone_sword': 0.0, 'make_wood_pickaxe': 0.0, 'make_wood_sword': 0.0, 'place_furnace': 0.0, 'place_plant': 0.64, 'place_stone': 0.0, 'place_table': 0.0, 'wake_up': 2.08}"
24576,1.6,1.0,0.11916223760053982,nan,-2.809561049938202,0.11916223760053982,"{'collect_coal': 0.0, 'collect_diamond': 0.0, 'collect_drink': 0.5833333333333334, 'collect_iron': 0.0, 'collect_sapling': 0.8611111111111112, 'collect_stone': 0.0, 'collect_wood': 0.3333333333333333, 'defeat_skeleton': 0.0, 'defeat_zombie': 0.0, 'eat_cow': 0.027777777777777776, 'eat_plant': 0.0, 'make_iron_pickaxe': 0.0, 'make_iron_sword': 0.0, 'make_stone_pickaxe': 0.0, 'make_stone_sword': 0.0, 'make_wood_pickaxe': 0.0, 'make_wood_sword': 0.0, 'place_furnace': 0.0, 'place_plant': 0.5555555555555556, 'place_stone': 0.0, 'place_table': 0.027777777777777776, 'wake_up': 2.138888888888889}"
32768,1.68,1.0,0.12297453852079343,nan,-2.7908102098852394,0.12297453852079343,"{'collect_coal': 0.0, 'collect_diamond': 0.0, 'collect_drink': 0.5319148936170213, 'collect_iron': 0.0, 'collect_sapling': 0.8723404255319149, 'collect_stone': 0.0, 'collect_wood': 0.3404255319148936, 'defeat_skeleton': 0.0, 'defeat_zombie': 0.0, 'eat_cow': 0.02127659574468085, 'eat_plant': 0.0, 'make_iron_pickaxe': 0.0, 'make_iron_sword': 0.0, 'make_stone_pickaxe': 0.0, 'make_stone_sword': 0.0, 'make_wood_pickaxe': 0.0, 'make_wood_sword': 0.0, 'place_furnace': 0.0, 'place_plant': 0.574468085106383, 'place_stone': 0.0, 'place_table': 0.0425531914893617, 'wake_up': 2.25531914893617}"
40960,1.6899999999999997,1.0,0.11519535006664228,nan,-2.7751848328858615,0.11519535006664228,"{'collect_coal': 0.0, 'collect_diamond': 0.0, 'collect_drink': 0.8135593220338984, 'collect_iron': 0.0, 'collect_sapling': 0.847457627118644, 'collect_stone': 0.0, 'collect_wood': 0.3728813559322034, 'defeat_skeleton': 0.0, 'defeat_zombie': 0.0, 'eat_cow': 0.01694915254237288, 'eat_plant': 0.0, 'make_iron_pickaxe': 0.0, 'make_iron_sword': 0.0, 'make_stone_pickaxe': 0.0, 'make_stone_sword': 0.0, 'make_wood_pickaxe': 0.0, 'make_wood_sword': 0.0, 'place_furnace': 0.0, 'place_plant': 0.5932203389830508, 'place_stone': 0.0, 'place_table': 0.03389830508474576, 'wake_up': 2.23728813559322}"
49152,2.08,1.0,0.12414726923161652,nan,-2.7542395040392877,0.12414726923161652,"{'collect_coal': 0.0, 'collect_diamond': 0.0, 'collect_drink': 0.9859154929577465, 'collect_iron': 0.0, 'collect_sapling': 0.9295774647887324, 'collect_stone': 0.0, 'collect_wood': 0.38028169014084506, 'defeat_skeleton': 0.0, 'defeat_zombie': 0.0, 'eat_cow': 0.014084507042253521, 'eat_plant': 0.0, 'make_iron_pickaxe': 0.0, 'make_iron_sword': 0.0, 'make_stone_pickaxe': 0.0, 'make_stone_sword': 0.0, 'make_wood_pickaxe': 0.0, 'make_wood_sword': 0.0, 'place_furnace': 0.0, 'place_plant': 0.7183098591549296, 'place_stone': 0.0, 'place_table': 0.04225352112676056, 'wake_up': 2.183098591549296}"
57344,2.37,1.0,0.11430703632941004,nan,-2.726576381549239,0.11430703632941004,"{'collect_coal': 0.0, 'collect_diamond': 0.0, 'collect_drink': 1.4197530864197532, 'collect_iron': 0.0, 'collect_sapling': 0.9629629629629629, 'collect_stone': 0.0, 'collect_wood': 0.37037037037037035, 'defeat_skeleton': 0.0, 'defeat_zombie': 0.0, 'eat_cow': 0.012345679012345678, 'eat_plant': 0.0, 'make_iron_pickaxe': 0.0, 'make_iron_sword': 0.0, 'make_stone_pickaxe': 0.0, 'make_stone_sword': 0.0, 'make_wood_pickaxe': 0.0, 'make_wood_sword': 0.0, 'place_furnace': 0.0, 'place_plant': 0.7777777777777778, 'place_stone': 0.0, 'place_table': 0.037037037037037035, 'wake_up': 2.259259259259259}"
65536,2.37,1.0,0.1261053099820856,nan,-2.699357639439404,0.1261053099820856,"{'collect_coal': 0.0, 'collect_diamond': 0.0, 'collect_drink': 1.7526881720430108, 'collect_iron': 0.0, 'collect_sapling': 0.956989247311828, 'collect_stone': 0.0, 'collect_wood': 0.3763440860215054, 'defeat_skeleton': 0.0, 'defeat_zombie': 0.010752688172043012, 'eat_cow': 0.010752688172043012, 'eat_plant': 0.0, 'make_iron_pickaxe': 0.0, 'make_iron_sword': 0.0, 'make_stone_pickaxe': 0.0, 'make_stone_sword': 0.0, 'make_wood_pickaxe': 0.0, 'make_wood_sword': 0.0, 'place_furnace': 0.0, 'place_plant': 0.7956989247311828, 'place_stone': 0.0, 'place_table': 0.043010752688172046, 'wake_up': 2.236559139784946}"
73728,2.43,1.0,0.13920792043791153,nan,-2.676561975479126,0.13920792043791153,"{'collect_coal': 0.0, 'collect_diamond': 0.0, 'collect_drink': 2.13, 'collect_iron': 0.0, 'collect_sapling': 1.04, 'collect_stone': 0.0, 'collect_wood': 0.43, 'defeat_skeleton': 0.0, 'defeat_zombie': 0.01, 'eat_cow': 0.01, 'eat_plant': 0.0, 'make_iron_pickaxe': 0.0, 'make_iron_sword': 0.0, 'make_stone_pickaxe': 0.0, 'make_stone_sword': 0.0, 'make_wood_pickaxe': 0.0, 'make_wood_sword': 0.0, 'place_furnace': 0.0, 'place_plant': 0.88, 'place_stone': 0.0, 'place_table': 0.05, 'wake_up': 2.3}"
81920,2.47,1.0,0.13664650252903812,nan,-2.6476152313873174,0.13664650252903812,"{'collect_coal': 0.0, 'collect_diamond': 0.0, 'collect_drink': 2.74, 'collect_iron': 0.0, 'collect_sapling': 1.1, 'collect_stone': 0.0, 'collect_wood': 0.5, 'defeat_skeleton': 0.0, 'defeat_zombie': 0.01, 'eat_cow': 0.02, 'eat_plant': 0.0, 'make_iron_pickaxe': 0.0, 'make_iron_sword': 0.0, 'make_stone_pickaxe': 0.0, 'make_stone_sword': 0.0, 'make_wood_pickaxe': 0.0, 'make_wood_sword': 0.0, 'place_furnace': 0.0, 'place_plant': 0.95, 'place_stone': 0.0, 'place_table': 0.08, 'wake_up': 2.3}"
90112,2.6900000000000013,1.0,0.13062370106636081,nan,-2.6082834117114544,0.13062370106636081,"{'collect_coal': 0.0, 'collect_diamond': 0.0, 'collect_drink': 3.38, 'collect_iron': 0.0, 'collect_sapling': 1.19, 'collect_stone': 0.0, 'collect_wood': 0.59, 'defeat_skeleton': 0.0, 'defeat_zombie': 0.01, 'eat_cow': 0.02, 'eat_plant': 0.0, 'make_iron_pickaxe': 0.0, 'make_iron_sword': 0.0, 'make_stone_pickaxe': 0.0, 'make_stone_sword': 0.0, 'make_wood_pickaxe': 0.0, 'make_wood_sword': 0.0, 'place_furnace': 0.0, 'place_plant': 1.04, 'place_stone': 0.0, 'place_table': 0.1, 'wake_up': 2.29}"
98304,3.070000000000001,1.0,0.1270912175241392,nan,-2.5690218094736337,0.1270912175241392,"{'collect_coal': 0.0, 'collect_diamond': 0.0, 'collect_drink': 4.07, 'collect_iron': 0.0, 'collect_sapling': 1.28, 'collect_stone': 0.0, 'collect_wood': 0.63, 'defeat_skeleton': 0.0, 'defeat_zombie': 0.01, 'eat_cow': 0.02, 'eat_plant': 0.0, 'make_iron_pickaxe': 0.0, 'make_iron_sword': 0.0, 'make_stone_pickaxe': 0.0, 'make_stone_sword': 0.0, 'make_wood_pickaxe': 0.0, 'make_wood_sword': 0.0, 'place_furnace': 0.0, 'place_plant': 1.17, 'place_stone': 0.0, 'place_table': 0.1, 'wake_up': 2.26}"
106496,3.240000000000001,1.0,0.14338174545264337,nan,-2.54901386462152,0.14338174545264337,"{'collect_coal': 0.0, 'collect_diamond': 0.0, 'collect_drink': 4.66, 'collect_iron': 0.0, 'collect_sapling': 1.4, 'collect_stone': 0.0, 'collect_wood': 0.68, 'defeat_skeleton': 0.0, 'defeat_zombie': 0.01, 'eat_cow': 0.02, 'eat_plant': 0.0, 'make_iron_pickaxe': 0.0, 'make_iron_sword': 0.0, 'make_stone_pickaxe': 0.0, 'make_stone_sword': 0.0, 'make_wood_pickaxe': 0.0, 'make_wood_sword': 0.0, 'place_furnace': 0.0, 'place_plant': 1.31, 'place_stone': 0.0, 'place_table': 0.11, 'wake_up': 2.21}"
114688,3.410000000000001,1.0,0.127361383382231,nan,-2.506834328174591,0.127361383382231,"{'collect_coal': 0.0, 'collect_diamond': 0.0, 'collect_drink': 5.31, 'collect_iron': 0.0, 'collect_sapling': 1.51, 'collect_stone': 0.0, 'collect_wood': 0.71, 'defeat_skeleton': 0.0, 'defeat_zombie': 0.01, 'eat_cow': 0.03, 'eat_plant': 0.0, 'make_iron_pickaxe': 0.0, 'make_iron_sword': 0.0, 'make_stone_pickaxe': 0.0, 'make_stone_sword': 0.0, 'make_wood_pickaxe': 0.0, 'make_wood_sword': 0.0, 'place_furnace': 0.0, 'place_plant': 1.4, 'place_stone': 0.0, 'place_table': 0.13, 'wake_up': 2.25}"
122880,3.4900000000000015,1.0,0.13001622972951737,nan,-2.446217599324882,0.13001622972951737,"{'collect_coal': 0.0, 'collect_diamond': 0.0, 'collect_drink': 6.14, 'collect_iron': 0.0, 'collect_sapling': 1.64, 'collect_stone': 0.0, 'collect_wood': 0.75, 'defeat_skeleton': 0.0, 'defeat_zombie': 0.01, 'eat_cow': 0.05, 'eat_plant': 0.0, 'make_iron_pickaxe': 0.0, 'make_iron_sword': 0.0, 'make_stone_pickaxe': 0.0, 'make_stone_sword': 0.0, 'make_wood_pickaxe': 0.0, 'make_wood_sword': 0.0, 'place_furnace': 0.0, 'place_plant': 1.47, 'place_stone': 0.0, 'place_table': 0.13, 'wake_up': 2.3}"
131072,3.590000000000001,1.0,0.12410495397925843,nan,-2.4161200165748595,0.12410495397925843,"{'collect_coal': 0.0, 'collect_diamond': 0.0, 'collect_drink': 7.1, 'collect_iron': 0.0, 'collect_sapling': 1.77, 'collect_stone': 0.0, 'collect_wood': 0.75, 'defeat_skeleton': 0.0, 'defeat_zombie': 0.01, 'eat_cow': 0.07, 'eat_plant': 0.0, 'make_iron_pickaxe': 0.0, 'make_iron_sword': 0.0, 'make_stone_pickaxe': 0.0, 'make_stone_sword': 0.0, 'make_wood_pickaxe': 0.0, 'make_wood_sword': 0.0, 'place_furnace': 0.0, 'place_plant': 1.57, 'place_stone': 0.0, 'place_table': 0.14, 'wake_up': 2.23}"
139264,3.700000000000001,1.0,0.13171709151065442,nan,-2.3464439677074553,0.13171709151065442,"{'collect_coal': 0.0, 'collect_diamond': 0.0, 'collect_drink': 7.64, 'collect_iron': 0.0, 'collect_sapling': 1.93, 'collect_stone': 0.0, 'collect_wood': 0.84, 'defeat_skeleton': 0.0, 'defeat_zombie': 0.0, 'eat_cow': 0.08, 'eat_plant': 0.0, 'make_iron_pickaxe': 0.0, 'make_iron_sword': 0.0, 'make_stone_pickaxe': 0.0, 'make_stone_sword': 0.0, 'make_wood_pickaxe': 0.0, 'make_wood_sword': 0.0, 'place_furnace': 0.0, 'place_plant': 1.7, 'place_stone': 0.0, 'place_table': 0.16, 'wake_up': 2.18}"
147456,3.890000000000001,1.0,0.12077499000297394,nan,-2.302539246343076,0.12077499000297394,"{'collect_coal': 0.0, 'collect_diamond': 0.0, 'collect_drink': 7.94, 'collect_iron': 0.0, 'collect_sapling': 1.99, 'collect_stone': 0.0, 'collect_wood': 0.89, 'defeat_skeleton': 0.0, 'defeat_zombie': 0.01, 'eat_cow': 0.1, 'eat_plant': 0.0, 'make_iron_pickaxe': 0.0, 'make_iron_sword': 0.0, 'make_stone_pickaxe': 0.0, 'make_stone_sword': 0.0, 'make_wood_pickaxe': 0.0, 'make_wood_sword': 0.0, 'place_furnace': 0.0, 'place_plant': 1.79, 'place_stone': 0.0, 'place_table': 0.18, 'wake_up': 2.1}"
155648,4.010000000000002,1.0,0.12672330513014457,nan,-2.260799188353121,0.12672330513014457,"{'collect_coal': 0.0, 'collect_diamond': 0.0, 'collect_drink': 8.01, 'collect_iron': 0.0, 'collect_sapling': 2.13, 'collect_stone': 0.0, 'collect_wood': 0.95, 'defeat_skeleton': 0.0, 'defeat_zombie': 0.01, 'eat_cow': 0.12, 'eat_plant': 0.0, 'make_iron_pickaxe': 0.0, 'make_iron_sword': 0.0, 'make_stone_pickaxe': 0.0, 'make_stone_sword': 0.0, 'make_wood_pickaxe': 0.0, 'make_wood_sword': 0.0, 'place_furnace': 0.0, 'place_plant': 1.9, 'place_stone': 0.0, 'place_table': 0.2, 'wake_up': 2.14}"
163840,4.130000000000001,1.0,0.11548989445727784,nan,-2.280872895568609,0.11548989445727784,"{'collect_coal': 0.0, 'collect_diamond': 0.0, 'collect_drink': 8.42, 'collect_iron': 0.0, 'collect_sapling': 2.18, 'collect_stone': 0.0, 'collect_wood': 0.99, 'defeat_skeleton': 0.0, 'defeat_zombie': 0.01, 'eat_cow': 0.14, 'eat_plant': 0.0, 'make_iron_pickaxe': 0.0, 'make_iron_sword': 0.0, 'make_stone_pickaxe': 0.0, 'make_stone_sword': 0.0, 'make_wood_pickaxe': 0.0, 'make_wood_sword': 0.0, 'place_furnace': 0.0, 'place_plant': 1.97, 'place_stone': 0.0, 'place_table': 0.22, 'wake_up': 2.16}"
172032,3.9900000000000015,1.0,0.11999302928743419,nan,-2.217904097773135,0.11999302928743419,"{'collect_coal': 0.0, 'collect_diamond': 0.0, 'collect_drink': 8.41, 'collect_iron': 0.0, 'collect_sapling': 2.31, 'collect_stone': 0.0, 'collect_wood': 1.05, 'defeat_skeleton': 0.0, 'defeat_zombie': 0.03, 'eat_cow': 0.14, 'eat_plant': 0.0, 'make_iron_pickaxe': 0.0, 'make_iron_sword': 0.0, 'make_stone_pickaxe': 0.0, 'make_stone_sword': 0.0, 'make_wood_pickaxe': 0.0, 'make_wood_sword': 0.0, 'place_furnace': 0.0, 'place_plant': 2.07, 'place_stone': 0.0, 'place_table': 0.24, 'wake_up': 2.16}"
180224,3.9000000000000017,1.0,0.10891606252989731,nan,-2.168158780783415,0.10891606252989731,"{'collect_coal': 0.0, 'collect_diamond': 0.0, 'collect_drink': 8.8, 'collect_iron': 0.0, 'collect_sapling': 2.33, 'collect_stone': 0.0, 'collect_wood': 1.09, 'defeat_skeleton': 0.0, 'defeat_zombie': 0.04, 'eat_cow': 0.19, 'eat_plant': 0.0, 'make_iron_pickaxe': 0.0, 'make_iron_sword': 0.0, 'make_stone_pickaxe': 0.0, 'make_stone_sword': 0.0, 'make_wood_pickaxe': 0.0, 'make_wood_sword': 0.0, 'place_furnace': 0.0, 'place_plant': 2.1, 'place_stone': 0.0, 'place_table': 0.26, 'wake_up': 2.2}"
188416,4.200000000000002,1.0,0.11441344807390123,nan,-2.0888807590119542,0.11441344807390123,"{'collect_coal': 0.0, 'collect_diamond': 0.0, 'collect_drink': 8.87, 'collect_iron': 0.0, 'collect_sapling': 2.44, 'collect_stone': 0.0, 'collect_wood': 1.16, 'defeat_skeleton': 0.0, 'defeat_zombie': 0.06, 'eat_cow': 0.21, 'eat_plant': 0.0, 'make_iron_pickaxe': 0.0, 'make_iron_sword': 0.0, 'make_stone_pickaxe': 0.0, 'make_stone_sword': 0.0, 'make_wood_pickaxe': 0.0, 'make_wood_sword': 0.0, 'place_furnace': 0.0, 'place_plant': 2.2, 'place_stone': 0.0, 'place_table': 0.27, 'wake_up': 2.17}"
196608,4.3900000000000015,1.0,0.12227062389138155,nan,-2.0564976396039127,0.12227062389138155,"{'collect_coal': 0.0, 'collect_diamond': 0.0, 'collect_drink': 9.11, 'collect_iron': 0.0, 'collect_sapling': 2.62, 'collect_stone': 0.0, 'collect_wood': 1.25, 'defeat_skeleton': 0.0, 'defeat_zombie': 0.08, 'eat_cow': 0.2, 'eat_plant': 0.0, 'make_iron_pickaxe': 0.0, 'make_iron_sword': 0.0, 'make_stone_pickaxe': 0.0, 'make_stone_sword': 0.0, 'make_wood_pickaxe': 0.0, 'make_wood_sword': 0.0, 'place_furnace': 0.0, 'place_plant': 2.4, 'place_stone': 0.0, 'place_table': 0.31, 'wake_up': 2.12}"
204800,4.440000000000001,1.0,0.10884876240452286,nan,-1.9953373338095843,0.10884876240452286,"{'collect_coal': 0.0, 'collect_diamond': 0.0, 'collect_drink': 8.56, 'collect_iron': 0.0, 'collect_sapling': 2.74, 'collect_stone': 0.0, 'collect_wood': 1.4, 'defeat_skeleton': 0.0, 'defeat_zombie': 0.1, 'eat_cow': 0.21, 'eat_plant': 0.0, 'make_iron_pickaxe': 0.0, 'make_iron_sword': 0.0, 'make_stone_pickaxe': 0.0, 'make_stone_sword': 0.0, 'make_wood_pickaxe': 0.0, 'make_wood_sword': 0.0, 'place_furnace': 0.0, 'place_plant': 2.55, 'place_stone': 0.0, 'place_table': 0.37, 'wake_up': 2.14}"
212992,4.530000000000002,1.0,0.12021930876071565,nan,-1.9978670944459735,0.12021930876071565,"{'collect_coal': 0.0, 'collect_diamond': 0.0, 'collect_drink': 8.4, 'collect_iron': 0.0, 'collect_sapling': 2.81, 'collect_stone': 0.0, 'collect_wood': 1.4, 'defeat_skeleton': 0.0, 'defeat_zombie': 0.12, 'eat_cow': 0.23, 'eat_plant': 0.0, 'make_iron_pickaxe': 0.0, 'make_iron_sword': 0.0, 'make_stone_pickaxe': 0.0, 'make_stone_sword': 0.0, 'make_wood_pickaxe': 0.0, 'make_wood_sword': 0.0, 'place_furnace': 0.0, 'place_plant': 2.63, 'place_stone': 0.0, 'place_table': 0.39, 'wake_up': 2.21}"
221184,4.410000000000002,1.0,0.13335113620851188,nan,-1.95759033318609,0.13335113620851188,"{'collect_coal': 0.0, 'collect_diamond': 0.0, 'collect_drink': 8.51, 'collect_iron': 0.0, 'collect_sapling': 2.9, 'collect_stone': 0.0, 'collect_wood': 1.41, 'defeat_skeleton': 0.0, 'defeat_zombie': 0.12, 'eat_cow': 0.24, 'eat_plant': 0.0, 'make_iron_pickaxe': 0.0, 'make_iron_sword': 0.0, 'make_stone_pickaxe': 0.0, 'make_stone_sword': 0.0, 'make_wood_pickaxe': 0.0, 'make_wood_sword': 0.0, 'place_furnace': 0.0, 'place_plant': 2.7, 'place_stone': 0.0, 'place_table': 0.39, 'wake_up': 2.29}"
229376,4.370000000000002,1.0,0.10993084520741832,nan,-1.9816760108806193,0.10993084520741832,"{'collect_coal': 0.0, 'collect_diamond': 0.0, 'collect_drink': 9.01, 'collect_iron': 0.0, 'collect_sapling': 2.91, 'collect_stone': 0.0, 'collect_wood': 1.44, 'defeat_skeleton': 0.0, 'defeat_zombie': 0.12, 'eat_cow': 0.24, 'eat_plant': 0.0, 'make_iron_pickaxe': 0.0, 'make_iron_sword': 0.0, 'make_stone_pickaxe': 0.0, 'make_stone_sword': 0.0, 'make_wood_pickaxe': 0.0, 'make_wood_sword': 0.01, 'place_furnace': 0.0, 'place_plant': 2.7, 'place_stone': 0.0, 'place_table': 0.39, 'wake_up': 2.23}"
237568,4.580000000000002,1.0,0.11410592116299086,nan,-1.9574513834901155,0.11410592116299086,"{'collect_coal': 0.0, 'collect_diamond': 0.0, 'collect_drink': 9.25, 'collect_iron': 0.0, 'collect_sapling': 3.0, 'collect_stone': 0.0, 'collect_wood': 1.44, 'defeat_skeleton': 0.0, 'defeat_zombie': 0.13, 'eat_cow': 0.23, 'eat_plant': 0.0, 'make_iron_pickaxe': 0.0, 'make_iron_sword': 0.0, 'make_stone_pickaxe': 0.0, 'make_stone_sword': 0.0, 'make_wood_pickaxe': 0.0, 'make_wood_sword': 0.02, 'place_furnace': 0.0, 'place_plant': 2.78, 'place_stone': 0.0, 'place_table': 0.4, 'wake_up': 2.22}"
245760,4.650000000000002,1.0,0.10783216908748727,nan,-1.9296867482364177,0.10783216908748727,"{'collect_coal': 0.0, 'collect_diamond': 0.0, 'collect_drink': 9.46, 'collect_iron': 0.0, 'collect_sapling': 2.99, 'collect_stone': 0.0, 'collect_wood': 1.47, 'defeat_skeleton': 0.0, 'defeat_zombie': 0.12, 'eat_cow': 0.24, 'eat_plant': 0.0, 'make_iron_pickaxe': 0.0, 'make_iron_sword': 0.0, 'make_stone_pickaxe': 0.0, 'make_stone_sword': 0.0, 'make_wood_pickaxe': 0.0, 'make_wood_sword': 0.02, 'place_furnace': 0.0, 'place_plant': 2.76, 'place_stone': 0.0, 'place_table': 0.43, 'wake_up': 2.22}"
253952,4.6800000000000015,1.0,0.09857190856710077,nan,-1.9294918541796506,0.09857190856710077,"{'collect_coal': 0.0, 'collect_diamond': 0.0, 'collect_drink': 9.33, 'collect_iron': 0.0, 'collect_sapling': 3.02, 'collect_stone': 0.0, 'collect_wood': 1.53, 'defeat_skeleton': 0.0, 'defeat_zombie': 0.12, 'eat_cow': 0.23, 'eat_plant': 0.0, 'make_iron_pickaxe': 0.0, 'make_iron_sword': 0.0, 'make_stone_pickaxe': 0.0, 'make_stone_sword': 0.0, 'make_wood_pickaxe': 0.01, 'make_wood_sword': 0.02, 'place_furnace': 0.0, 'place_plant': 2.78, 'place_stone': 0.0, 'place_table': 0.47, 'wake_up': 2.21}"
262144,4.840000000000002,1.0,0.13090707498195114,nan,-1.8562045345082878,0.13090707498195114,"{'collect_coal': 0.0, 'collect_diamond': 0.0, 'collect_drink': 9.35, 'collect_iron': 0.0, 'collect_sapling': 3.01, 'collect_stone': 0.0, 'collect_wood': 1.58, 'defeat_skeleton': 0.0, 'defeat_zombie': 0.11, 'eat_cow': 0.24, 'eat_plant': 0.0, 'make_iron_pickaxe': 0.0, 'make_iron_sword': 0.0, 'make_stone_pickaxe': 0.0, 'make_stone_sword': 0.0, 'make_wood_pickaxe': 0.01, 'make_wood_sword': 0.02, 'place_furnace': 0.0, 'place_plant': 2.77, 'place_stone': 0.0, 'place_table': 0.54, 'wake_up': 2.21}"
270336,4.940000000000001,1.0,0.1153096341964556,nan,-1.8945149578154088,0.1153096341964556,"{'collect_coal': 0.0, 'collect_diamond': 0.0, 'collect_drink': 9.17, 'collect_iron': 0.0, 'collect_sapling': 3.02, 'collect_stone': 0.0, 'collect_wood': 1.65, 'defeat_skeleton': 0.0, 'defeat_zombie': 0.11, 'eat_cow': 0.27, 'eat_plant': 0.01, 'make_iron_pickaxe': 0.0, 'make_iron_sword': 0.0, 'make_stone_pickaxe': 0.0, 'make_stone_sword': 0.0, 'make_wood_pickaxe': 0.01, 'make_wood_sword': 0.02, 'place_furnace': 0.0, 'place_plant': 2.79, 'place_stone': 0.0, 'place_table': 0.57, 'wake_up': 2.28}"
278528,4.800000000000002,1.0,0.11136955928232055,nan,-1.8579659257084131,0.11136955928232055,"{'collect_coal': 0.0, 'collect_diamond': 0.0, 'collect_drink': 9.14, 'collect_iron': 0.0, 'collect_sapling': 3.03, 'collect_stone': 0.0, 'collect_wood': 1.58, 'defeat_skeleton': 0.0, 'defeat_zombie': 0.11, 'eat_cow': 0.29, 'eat_plant': 0.01, 'make_iron_pickaxe': 0.0, 'make_iron_sword': 0.0, 'make_stone_pickaxe': 0.0, 'make_stone_sword': 0.0, 'make_wood_pickaxe': 0.01, 'make_wood_sword': 0.02, 'place_furnace': 0.0, 'place_plant': 2.78, 'place_stone': 0.0, 'place_table': 0.53, 'wake_up': 2.27}"
286720,4.900000000000001,1.0,0.12765657742274925,nan,-1.8764396200887858,0.12765657742274925,"{'collect_coal': 0.0, 'collect_diamond': 0.0, 'collect_drink': 8.74, 'collect_iron': 0.0, 'collect_sapling': 3.07, 'collect_stone': 0.0, 'collect_wood': 1.65, 'defeat_skeleton': 0.0, 'defeat_zombie': 0.1, 'eat_cow': 0.3, 'eat_plant': 0.01, 'make_iron_pickaxe': 0.0, 'make_iron_sword': 0.0, 'make_stone_pickaxe': 0.0, 'make_stone_sword': 0.0, 'make_wood_pickaxe': 0.03, 'make_wood_sword': 0.02, 'place_furnace': 0.0, 'place_plant': 2.81, 'place_stone': 0.0, 'place_table': 0.56, 'wake_up': 2.24}"
294912,5.050000000000001,1.0,0.11446544267528225,nan,-1.8681712884455919,0.11446544267528225,"{'collect_coal': 0.0, 'collect_diamond': 0.0, 'collect_drink': 8.9, 'collect_iron': 0.0, 'collect_sapling': 3.07, 'collect_stone': 0.0, 'collect_wood': 1.83, 'defeat_skeleton': 0.0, 'defeat_zombie': 0.1, 'eat_cow': 0.29, 'eat_plant': 0.01, 'make_iron_pickaxe': 0.0, 'make_iron_sword': 0.0, 'make_stone_pickaxe': 0.0, 'make_stone_sword': 0.0, 'make_wood_pickaxe': 0.03, 'make_wood_sword': 0.02, 'place_furnace': 0.0, 'place_plant': 2.82, 'place_stone': 0.0, 'place_table': 0.65, 'wake_up': 2.21}"
303104,5.2200000000000015,1.0,0.11122327625053004,nan,-1.8619457622990012,0.11122327625053004,"{'collect_coal': 0.0, 'collect_diamond': 0.0, 'collect_drink': 8.75, 'collect_iron': 0.0, 'collect_sapling': 3.1, 'collect_stone': 0.0, 'collect_wood': 1.88, 'defeat_skeleton': 0.0, 'defeat_zombie': 0.11, 'eat_cow': 0.28, 'eat_plant': 0.01, 'make_iron_pickaxe': 0.0, 'make_iron_sword': 0.0, 'make_stone_pickaxe': 0.0, 'make_stone_sword': 0.0, 'make_wood_pickaxe': 0.03, 'make_wood_sword': 0.02, 'place_furnace': 0.0, 'place_plant': 2.84, 'place_stone': 0.0, 'place_table': 0.69, 'wake_up': 2.18}"
311296,5.300000000000001,1.0,0.13143221784557682,nan,-1.8169909382238985,0.13143221784557682,"{'collect_coal': 0.0, 'collect_diamond': 0.0, 'collect_drink': 8.32, 'collect_iron': 0.0, 'collect_sapling': 3.16, 'collect_stone': 0.0, 'collect_wood': 1.86, 'defeat_skeleton': 0.0, 'defeat_zombie': 0.12, 'eat_cow': 0.26, 'eat_plant': 0.01, 'make_iron_pickaxe': 0.0, 'make_iron_sword': 0.0, 'make_stone_pickaxe': 0.0, 'make_stone_sword': 0.0, 'make_wood_pickaxe': 0.03, 'make_wood_sword': 0.01, 'place_furnace': 0.0, 'place_plant': 2.94, 'place_stone': 0.0, 'place_table': 0.69, 'wake_up': 2.17}"
319488,5.210000000000001,1.0,0.11995734861702659,nan,-1.813708039280027,0.11995734861702659,"{'collect_coal': 0.0, 'collect_diamond': 0.0, 'collect_drink': 7.94, 'collect_iron': 0.0, 'collect_sapling': 3.23, 'collect_stone': 0.0, 'collect_wood': 1.89, 'defeat_skeleton': 0.0, 'defeat_zombie': 0.12, 'eat_cow': 0.29, 'eat_plant': 0.01, 'make_iron_pickaxe': 0.0, 'make_iron_sword': 0.0, 'make_stone_pickaxe': 0.0, 'make_stone_sword': 0.0, 'make_wood_pickaxe': 0.03, 'make_wood_sword': 0.0, 'place_furnace': 0.0, 'place_plant': 3.01, 'place_stone': 0.0, 'place_table': 0.7, 'wake_up': 2.14}"
327680,5.200000000000001,1.0,0.10333582692255731,nan,-1.795910602156073,0.10333582692255731,"{'collect_coal': 0.0, 'collect_diamond': 0.0, 'collect_drink': 7.92, 'collect_iron': 0.0, 'collect_sapling': 3.4, 'collect_stone': 0.0, 'collect_wood': 1.91, 'defeat_skeleton': 0.0, 'defeat_zombie': 0.13, 'eat_cow': 0.34, 'eat_plant': 0.01, 'make_iron_pickaxe': 0.0, 'make_iron_sword': 0.0, 'make_stone_pickaxe': 0.0, 'make_stone_sword': 0.0, 'make_wood_pickaxe': 0.03, 'make_wood_sword': 0.0, 'place_furnace': 0.0, 'place_plant': 3.21, 'place_stone': 0.0, 'place_table': 0.72, 'wake_up': 2.15}"
335872,5.440000000000001,1.0,0.10282805793103762,nan,-1.7621843655593694,0.10282805793103762,"{'collect_coal': 0.0, 'collect_diamond': 0.0, 'collect_drink': 8.42, 'collect_iron': 0.0, 'collect_sapling': 3.57, 'collect_stone': 0.0, 'collect_wood': 1.88, 'defeat_skeleton': 0.0, 'defeat_zombie': 0.15, 'eat_cow': 0.37, 'eat_plant': 0.01, 'make_iron_pickaxe': 0.0, 'make_iron_sword': 0.0, 'make_stone_pickaxe': 0.0, 'make_stone_sword': 0.0, 'make_wood_pickaxe': 0.02, 'make_wood_sword': 0.0, 'place_furnace': 0.0, 'place_plant': 3.38, 'place_stone': 0.0, 'place_table': 0.71, 'wake_up': 2.16}"
344064,5.420000000000001,1.0,0.11387384632544126,nan,-1.7668194840662181,0.11387384632544126,"{'collect_coal': 0.0, 'collect_diamond': 0.0, 'collect_drink': 8.05, 'collect_iron': 0.0, 'collect_sapling': 3.5, 'collect_stone': 0.0, 'collect_wood': 1.84, 'defeat_skeleton': 0.0, 'defeat_zombie': 0.13, 'eat_cow': 0.35, 'eat_plant': 0.0, 'make_iron_pickaxe': 0.0, 'make_iron_sword': 0.0, 'make_stone_pickaxe': 0.0, 'make_stone_sword': 0.0, 'make_wood_pickaxe': 0.02, 'make_wood_sword': 0.0, 'place_furnace': 0.0, 'place_plant': 3.32, 'place_stone': 0.0, 'place_table': 0.7, 'wake_up': 2.16}"
352256,5.330000000000001,1.0,0.13550394621270243,nan,-1.7378750388510524,0.13550394621270243,"{'collect_coal': 0.0, 'collect_diamond': 0.0, 'collect_drink': 8.08, 'collect_iron': 0.0, 'collect_sapling': 3.62, 'collect_stone': 0.0, 'collect_wood': 1.91, 'defeat_skeleton': 0.0, 'defeat_zombie': 0.13, 'eat_cow': 0.37, 'eat_plant': 0.0, 'make_iron_pickaxe': 0.0, 'make_iron_sword': 0.0, 'make_stone_pickaxe': 0.0, 'make_stone_sword': 0.0, 'make_wood_pickaxe': 0.02, 'make_wood_sword': 0.0, 'place_furnace': 0.0, 'place_plant': 3.4, 'place_stone': 0.0, 'place_table': 0.76, 'wake_up': 2.18}"
360448,5.150000000000001,1.0,0.12150497534312307,nan,-1.7781295371241868,0.12150497534312307,"{'collect_coal': 0.0, 'collect_diamond': 0.0, 'collect_drink': 8.21, 'collect_iron': 0.0, 'collect_sapling': 3.71, 'collect_stone': 0.0, 'collect_wood': 1.93, 'defeat_skeleton': 0.0, 'defeat_zombie': 0.14, 'eat_cow': 0.43, 'eat_plant': 0.0, 'make_iron_pickaxe': 0.0, 'make_iron_sword': 0.0, 'make_stone_pickaxe': 0.0, 'make_stone_sword': 0.0, 'make_wood_pickaxe': 0.01, 'make_wood_sword': 0.0, 'place_furnace': 0.0, 'place_plant': 3.47, 'place_stone': 0.0, 'place_table': 0.78, 'wake_up': 2.16}"
368640,5.100000000000001,1.0,0.10349552891275379,nan,-1.7576973852701485,0.10349552891275379,"{'collect_coal': 0.0, 'collect_diamond': 0.0, 'collect_drink': 8.64, 'collect_iron': 0.0, 'collect_sapling': 3.71, 'collect_stone': 0.0, 'collect_wood': 1.93, 'defeat_skeleton': 0.0, 'defeat_zombie': 0.15, 'eat_cow': 0.45, 'eat_plant': 0.0, 'make_iron_pickaxe': 0.0, 'make_iron_sword': 0.0, 'make_stone_pickaxe': 0.0, 'make_stone_sword': 0.0, 'make_wood_pickaxe': 0.0, 'make_wood_sword': 0.0, 'place_furnace': 0.0, 'place_plant': 3.47, 'place_stone': 0.0, 'place_table': 0.81, 'wake_up': 2.16}"
376832,5.300000000000001,1.0,0.1328364671295276,nan,-1.6889086013659835,0.1328364671295276,"{'collect_coal': 0.0, 'collect_diamond': 0.0, 'collect_drink': 8.84, 'collect_iron': 0.0, 'collect_sapling': 3.82, 'collect_stone': 0.0, 'collect_wood': 1.85, 'defeat_skeleton': 0.0, 'defeat_zombie': 0.15, 'eat_cow': 0.53, 'eat_plant': 0.0, 'make_iron_pickaxe': 0.0, 'make_iron_sword': 0.0, 'make_stone_pickaxe': 0.0, 'make_stone_sword': 0.0, 'make_wood_pickaxe': 0.0, 'make_wood_sword': 0.0, 'place_furnace': 0.0, 'place_plant': 3.55, 'place_stone': 0.0, 'place_table': 0.77, 'wake_up': 2.11}"
385024,5.290000000000001,1.0,0.11605262861121446,nan,-1.6679366098716855,0.11605262861121446,"{'collect_coal': 0.0, 'collect_diamond': 0.0, 'collect_drink': 9.28, 'collect_iron': 0.0, 'collect_sapling': 3.83, 'collect_stone': 0.0, 'collect_wood': 1.85, 'defeat_skeleton': 0.0, 'defeat_zombie': 0.14, 'eat_cow': 0.6, 'eat_plant': 0.0, 'make_iron_pickaxe': 0.0, 'make_iron_sword': 0.0, 'make_stone_pickaxe': 0.0, 'make_stone_sword': 0.0, 'make_wood_pickaxe': 0.0, 'make_wood_sword': 0.0, 'place_furnace': 0.0, 'place_plant': 3.57, 'place_stone': 0.0, 'place_table': 0.78, 'wake_up': 2.17}"
393216,5.240000000000001,1.0,0.12942707625043112,nan,-1.6837121084332467,0.12942707625043112,"{'collect_coal': 0.0, 'collect_diamond': 0.0, 'collect_drink': 9.42, 'collect_iron': 0.0, 'collect_sapling': 3.89, 'collect_stone': 0.0, 'collect_wood': 1.85, 'defeat_skeleton': 0.0, 'defeat_zombie': 0.15, 'eat_cow': 0.64, 'eat_plant': 0.0, 'make_iron_pickaxe': 0.0, 'make_iron_sword': 0.0, 'make_stone_pickaxe': 0.0, 'make_stone_sword': 0.0, 'make_wood_pickaxe': 0.0, 'make_wood_sword': 0.0, 'place_furnace': 0.0, 'place_plant': 3.58, 'place_stone': 0.0, 'place_table': 0.78, 'wake_up': 2.12}"
401408,5.320000000000001,1.0,0.10837869109236635,nan,-1.6555107857100666,0.10837869109236635,"{'collect_coal': 0.0, 'collect_diamond': 0.0, 'collect_drink': 9.77, 'collect_iron': 0.0, 'collect_sapling': 3.83, 'collect_stone': 0.0, 'collect_wood': 1.91, 'defeat_skeleton': 0.0, 'defeat_zombie': 0.15, 'eat_cow': 0.68, 'eat_plant': 0.0, 'make_iron_pickaxe': 0.0, 'make_iron_sword': 0.0, 'make_stone_pickaxe': 0.0, 'make_stone_sword': 0.0, 'make_wood_pickaxe': 0.01, 'make_wood_sword': 0.0, 'place_furnace': 0.0, 'place_plant': 3.52, 'place_stone': 0.0, 'place_table': 0.82, 'wake_up': 2.14}"
409600,5.420000000000001,1.0,0.11594652080966625,nan,-1.6619339188560844,0.11594652080966625,"{'collect_coal': 0.0, 'collect_diamond': 0.0, 'collect_drink': 9.72, 'collect_iron': 0.0, 'collect_sapling': 3.76, 'collect_stone': 0.0, 'collect_wood': 1.9, 'defeat_skeleton': 0.0, 'defeat_zombie': 0.17, 'eat_cow': 0.69, 'eat_plant': 0.0, 'make_iron_pickaxe': 0.0, 'make_iron_sword': 0.0, 'make_stone_pickaxe': 0.0, 'make_stone_sword': 0.0, 'make_wood_pickaxe': 0.01, 'make_wood_sword': 0.0, 'place_furnace': 0.0, 'place_plant': 3.44, 'place_stone': 0.0, 'place_table': 0.82, 'wake_up': 2.1}"
417792,5.250000000000001,1.0,0.10296582329610829,nan,-1.6767065913416446,0.10296582329610829,"{'collect_coal': 0.0, 'collect_diamond': 0.0, 'collect_drink': 9.43, 'collect_iron': 0.0, 'collect_sapling': 3.76, 'collect_stone': 0.0, 'collect_wood': 1.95, 'defeat_skeleton': 0.0, 'defeat_zombie': 0.2, 'eat_cow': 0.72, 'eat_plant': 0.0, 'make_iron_pickaxe': 0.0, 'make_iron_sword': 0.0, 'make_stone_pickaxe': 0.0, 'make_stone_sword': 0.0, 'make_wood_pickaxe': 0.01, 'make_wood_sword': 0.01, 'place_furnace': 0.0, 'place_plant': 3.43, 'place_stone': 0.0, 'place_table': 0.84, 'wake_up': 2.1}"
425984,5.360000000000001,1.0,0.11486124893999658,nan,-1.6806672527454793,0.11486124893999658,"{'collect_coal': 0.0, 'collect_diamond': 0.0, 'collect_drink': 9.66, 'collect_iron': 0.0, 'collect_sapling': 3.79, 'collect_stone': 0.0, 'collect_wood': 1.93, 'defeat_skeleton': 0.0, 'defeat_zombie': 0.21, 'eat_cow': 0.75, 'eat_plant': 0.0, 'make_iron_pickaxe': 0.0, 'make_iron_sword': 0.0, 'make_stone_pickaxe': 0.0, 'make_stone_sword': 0.0, 'make_wood_pickaxe': 0.01, 'make_wood_sword': 0.01, 'place_furnace': 0.0, 'place_plant': 3.44, 'place_stone': 0.0, 'place_table': 0.83, 'wake_up': 2.11}"
434176,5.530000000000001,1.0,0.09730572933040094,nan,-1.6721502653323115,0.09730572933040094,"{'collect_coal': 0.0, 'collect_diamond': 0.0, 'collect_drink': 9.78, 'collect_iron': 0.0, 'collect_sapling': 3.64, 'collect_stone': 0.0, 'collect_wood': 1.93, 'defeat_skeleton': 0.0, 'defeat_zombie': 0.18, 'eat_cow': 0.75, 'eat_plant': 0.0, 'make_iron_pickaxe': 0.0, 'make_iron_sword': 0.0, 'make_stone_pickaxe': 0.0, 'make_stone_sword': 0.0, 'make_wood_pickaxe': 0.02, 'make_wood_sword': 0.01, 'place_furnace': 0.0, 'place_plant': 3.32, 'place_stone': 0.0, 'place_table': 0.83, 'wake_up': 2.11}"
442368,5.530000000000001,1.0,0.139477816192084,nan,-1.6503995801322162,0.139477816192084,"{'collect_coal': 0.0, 'collect_diamond': 0.0, 'collect_drink': 10.07, 'collect_iron': 0.0, 'collect_sapling': 3.58, 'collect_stone': 0.0, 'collect_wood': 1.93, 'defeat_skeleton': 0.0, 'defeat_zombie': 0.19, 'eat_cow': 0.77, 'eat_plant': 0.0, 'make_iron_pickaxe': 0.0, 'make_iron_sword': 0.0, 'make_stone_pickaxe': 0.0, 'make_stone_sword': 0.0, 'make_wood_pickaxe': 0.02, 'make_wood_sword': 0.01, 'place_furnace': 0.0, 'place_plant': 3.28, 'place_stone': 0.0, 'place_table': 0.84, 'wake_up': 2.16}"
450560,5.6,1.0,0.110760440849117,nan,-1.6481347689405084,0.110760440849117,"{'collect_coal': 0.0, 'collect_diamond': 0.0, 'collect_drink': 9.81, 'collect_iron': 0.0, 'collect_sapling': 3.41, 'collect_stone': 0.0, 'collect_wood': 1.95, 'defeat_skeleton': 0.0, 'defeat_zombie': 0.19, 'eat_cow': 0.81, 'eat_plant': 0.0, 'make_iron_pickaxe': 0.0, 'make_iron_sword': 0.0, 'make_stone_pickaxe': 0.0, 'make_stone_sword': 0.0, 'make_wood_pickaxe': 0.02, 'make_wood_sword': 0.03, 'place_furnace': 0.0, 'place_plant': 3.11, 'place_stone': 0.0, 'place_table': 0.84, 'wake_up': 2.18}"
458752,5.260000000000002,1.0,0.11570783871866297,nan,-1.6549995998851954,0.11570783871866297,"{'collect_coal': 0.0, 'collect_diamond': 0.0, 'collect_drink': 9.63, 'collect_iron': 0.0, 'collect_sapling': 3.43, 'collect_stone': 0.0, 'collect_wood': 1.99, 'defeat_skeleton': 0.0, 'defeat_zombie': 0.18, 'eat_cow': 0.8, 'eat_plant': 0.0, 'make_iron_pickaxe': 0.0, 'make_iron_sword': 0.0, 'make_stone_pickaxe': 0.0, 'make_stone_sword': 0.0, 'make_wood_pickaxe': 0.02, 'make_wood_sword': 0.04, 'place_furnace': 0.0, 'place_plant': 3.13, 'place_stone': 0.0, 'place_table': 0.86, 'wake_up': 2.16}"
466944,5.090000000000001,1.0,0.13448788434907327,nan,-1.6251811765134334,0.13448788434907327,"{'collect_coal': 0.0, 'collect_diamond': 0.0, 'collect_drink': 10.42, 'collect_iron': 0.0, 'collect_sapling': 3.31, 'collect_stone': 0.0, 'collect_wood': 2.02, 'defeat_skeleton': 0.0, 'defeat_zombie': 0.21, 'eat_cow': 0.81, 'eat_plant': 0.0, 'make_iron_pickaxe': 0.0, 'make_iron_sword': 0.0, 'make_stone_pickaxe': 0.0, 'make_stone_sword': 0.0, 'make_wood_pickaxe': 0.02, 'make_wood_sword': 0.04, 'place_furnace': 0.0, 'place_plant': 3.02, 'place_stone': 0.0, 'place_table': 0.88, 'wake_up': 2.2}"
475136,5.200000000000001,1.0,0.115635389048839,nan,-1.6518823301419616,0.115635389048839,"{'collect_coal': 0.0, 'collect_diamond': 0.0, 'collect_drink': 10.27, 'collect_iron': 0.0, 'collect_sapling': 3.24, 'collect_stone': 0.0, 'collect_wood': 2.01, 'defeat_skeleton': 0.0, 'defeat_zombie': 0.21, 'eat_cow': 0.83, 'eat_plant': 0.0, 'make_iron_pickaxe': 0.0, 'make_iron_sword': 0.0, 'make_stone_pickaxe': 0.0, 'make_stone_sword': 0.0, 'make_wood_pickaxe': 0.02, 'make_wood_sword': 0.04, 'place_furnace': 0.0, 'place_plant': 2.99, 'place_stone': 0.0, 'place_table': 0.88, 'wake_up': 2.23}"
483328,5.290000000000001,1.0,0.11063304066046839,nan,-1.6278424812480807,0.11063304066046839,"{'collect_coal': 0.0, 'collect_diamond': 0.0, 'collect_drink': 10.53, 'collect_iron': 0.0, 'collect_sapling': 3.19, 'collect_stone': 0.0, 'collect_wood': 1.98, 'defeat_skeleton': 0.0, 'defeat_zombie': 0.2, 'eat_cow': 0.88, 'eat_plant': 0.0, 'make_iron_pickaxe': 0.0, 'make_iron_sword': 0.0, 'make_stone_pickaxe': 0.0, 'make_stone_sword': 0.0, 'make_wood_pickaxe': 0.01, 'make_wood_sword': 0.04, 'place_furnace': 0.0, 'place_plant': 2.93, 'place_stone': 0.0, 'place_table': 0.88, 'wake_up': 2.22}"
491520,5.4300000000000015,1.0,0.1047407772653969,nan,-1.6070377436466514,0.1047407772653969,"{'collect_coal': 0.0, 'collect_diamond': 0.0, 'collect_drink': 10.59, 'collect_iron': 0.0, 'collect_sapling': 3.14, 'collect_stone': 0.0, 'collect_wood': 1.96, 'defeat_skeleton': 0.0, 'defeat_zombie': 0.17, 'eat_cow': 0.9, 'eat_plant': 0.0, 'make_iron_pickaxe': 0.0, 'make_iron_sword': 0.0, 'make_stone_pickaxe': 0.0, 'make_stone_sword': 0.0, 'make_wood_pickaxe': 0.01, 'make_wood_sword': 0.03, 'place_furnace': 0.0, 'place_plant': 2.9, 'place_stone': 0.0, 'place_table': 0.89, 'wake_up': 2.15}"
499712,5.4300000000000015,1.0,0.0979929637949681,nan,-1.5994521365500987,0.0979929637949681,"{'collect_coal': 0.0, 'collect_diamond': 0.0, 'collect_drink': 10.99, 'collect_iron': 0.0, 'collect_sapling': 3.13, 'collect_stone': 0.0, 'collect_wood': 1.94, 'defeat_skeleton': 0.0, 'defeat_zombie': 0.13, 'eat_cow': 0.93, 'eat_plant': 0.0, 'make_iron_pickaxe': 0.0, 'make_iron_sword': 0.0, 'make_stone_pickaxe': 0.0, 'make_stone_sword': 0.0, 'make_wood_pickaxe': 0.01, 'make_wood_sword': 0.03, 'place_furnace': 0.0, 'place_plant': 2.9, 'place_stone': 0.0, 'place_table': 0.87, 'wake_up': 2.11}"
507904,5.450000000000001,1.0,0.0990298969001742,nan,-1.551383902877569,0.0990298969001742,"{'collect_coal': 0.0, 'collect_diamond': 0.0, 'collect_drink': 11.39, 'collect_iron': 0.0, 'collect_sapling': 3.08, 'collect_stone': 0.0, 'collect_wood': 1.95, 'defeat_skeleton': 0.0, 'defeat_zombie': 0.14, 'eat_cow': 0.98, 'eat_plant': 0.0, 'make_iron_pickaxe': 0.0, 'make_iron_sword': 0.0, 'make_stone_pickaxe': 0.0, 'make_stone_sword': 0.0, 'make_wood_pickaxe': 0.01, 'make_wood_sword': 0.03, 'place_furnace': 0.0, 'place_plant': 2.89, 'place_stone': 0.0, 'place_table': 0.88, 'wake_up': 2.13}"
516096,5.4700000000000015,1.0,0.10362133099988569,nan,-1.5704751552082599,0.10362133099988569,"{'collect_coal': 0.0, 'collect_diamond': 0.0, 'collect_drink': 11.35, 'collect_iron': 0.0, 'collect_sapling': 3.06, 'collect_stone': 0.0, 'collect_wood': 1.95, 'defeat_skeleton': 0.0, 'defeat_zombie': 0.16, 'eat_cow': 1.0, 'eat_plant': 0.0, 'make_iron_pickaxe': 0.0, 'make_iron_sword': 0.0, 'make_stone_pickaxe': 0.0, 'make_stone_sword': 0.0, 'make_wood_pickaxe': 0.0, 'make_wood_sword': 0.03, 'place_furnace': 0.0, 'place_plant': 2.87, 'place_stone': 0.0, 'place_table': 0.89, 'wake_up': 2.11}"
524288,5.410000000000001,1.0,0.12961010467261075,nan,-1.537270039319992,0.12961010467261075,"{'collect_coal': 0.0, 'collect_diamond': 0.0, 'collect_drink': 11.15, 'collect_iron': 0.0, 'collect_sapling': 3.01, 'collect_stone': 0.0, 'collect_wood': 1.96, 'defeat_skeleton': 0.0, 'defeat_zombie': 0.13, 'eat_cow': 0.98, 'eat_plant': 0.0, 'make_iron_pickaxe': 0.0, 'make_iron_sword': 0.0, 'make_stone_pickaxe': 0.0, 'make_stone_sword': 0.0, 'make_wood_pickaxe': 0.0, 'make_wood_sword': 0.03, 'place_furnace': 0.0, 'place_plant': 2.84, 'place_stone': 0.0, 'place_table': 0.9, 'wake_up': 2.13}"
532480,5.380000000000001,1.0,0.12694654199003708,nan,-1.5760020465590059,0.12694654199003708,"{'collect_coal': 0.0, 'collect_diamond': 0.0, 'collect_drink': 10.81, 'collect_iron': 0.0, 'collect_sapling': 2.91, 'collect_stone': 0.0, 'collect_wood': 1.89, 'defeat_skeleton': 0.0, 'defeat_zombie': 0.14, 'eat_cow': 0.98, 'eat_plant': 0.0, 'make_iron_pickaxe': 0.0, 'make_iron_sword': 0.0, 'make_stone_pickaxe': 0.0, 'make_stone_sword': 0.0, 'make_wood_pickaxe': 0.0, 'make_wood_sword': 0.0, 'place_furnace': 0.0, 'place_plant': 2.8, 'place_stone': 0.0, 'place_table': 0.88, 'wake_up': 2.14}"
540672,5.500000000000001,1.0,0.09899389960919507,nan,-1.5783383373171092,0.09899389960919507,"{'collect_coal': 0.0, 'collect_diamond': 0.0, 'collect_drink': 10.09, 'collect_iron': 0.0, 'collect_sapling': 2.92, 'collect_stone': 0.0, 'collect_wood': 1.96, 'defeat_skeleton': 0.0, 'defeat_zombie': 0.1, 'eat_cow': 0.98, 'eat_plant': 0.0, 'make_iron_pickaxe': 0.0, 'make_iron_sword': 0.0, 'make_stone_pickaxe': 0.0, 'make_stone_sword': 0.0, 'make_wood_pickaxe': 0.02, 'make_wood_sword': 0.0, 'place_furnace': 0.0, 'place_plant': 2.82, 'place_stone': 0.0, 'place_table': 0.93, 'wake_up': 2.16}"
548864,5.3900000000000015,1.0,0.10519547178409994,nan,-1.5392403377220034,0.10519547178409994,"{'collect_coal': 0.0, 'collect_diamond': 0.0, 'collect_drink': 10.2, 'collect_iron': 0.0, 'collect_sapling': 3.05, 'collect_stone': 0.0, 'collect_wood': 1.97, 'defeat_skeleton': 0.0, 'defeat_zombie': 0.12, 'eat_cow': 0.98, 'eat_plant': 0.0, 'make_iron_pickaxe': 0.0, 'make_iron_sword': 0.0, 'make_stone_pickaxe': 0.0, 'make_stone_sword': 0.0, 'make_wood_pickaxe': 0.02, 'make_wood_sword': 0.0, 'place_furnace': 0.0, 'place_plant': 2.91, 'place_stone': 0.0, 'place_table': 0.94, 'wake_up': 2.13}"
557056,5.530000000000001,1.0,0.11528534020471852,nan,-1.482385477144271,0.11528534020471852,"{'collect_coal': 0.0, 'collect_diamond': 0.0, 'collect_drink': 10.28, 'collect_iron': 0.0, 'collect_sapling': 3.09, 'collect_stone': 0.0, 'collect_wood': 1.98, 'defeat_skeleton': 0.0, 'defeat_zombie': 0.13, 'eat_cow': 0.97, 'eat_plant': 0.0, 'make_iron_pickaxe': 0.0, 'make_iron_sword': 0.0, 'make_stone_pickaxe': 0.0, 'make_stone_sword': 0.0, 'make_wood_pickaxe': 0.02, 'make_wood_sword': 0.0, 'place_furnace': 0.0, 'place_plant': 2.93, 'place_stone': 0.0, 'place_table': 0.95, 'wake_up': 2.16}"
565248,5.570000000000001,1.0,0.1071911353530595,nan,-1.4786244202405214,0.1071911353530595,"{'collect_coal': 0.0, 'collect_diamond': 0.0, 'collect_drink': 10.95, 'collect_iron': 0.0, 'collect_sapling': 3.07, 'collect_stone': 0.0, 'collect_wood': 1.97, 'defeat_skeleton': 0.0, 'defeat_zombie': 0.12, 'eat_cow': 0.95, 'eat_plant': 0.0, 'make_iron_pickaxe': 0.0, 'make_iron_sword': 0.0, 'make_stone_pickaxe': 0.0, 'make_stone_sword': 0.0, 'make_wood_pickaxe': 0.02, 'make_wood_sword': 0.0, 'place_furnace': 0.0, 'place_plant': 2.91, 'place_stone': 0.0, 'place_table': 0.94, 'wake_up': 2.25}"
573440,5.620000000000001,1.0,0.09466807890275959,nan,-1.5047919437289239,0.09466807890275959,"{'collect_coal': 0.0, 'collect_diamond': 0.0, 'collect_drink': 10.91, 'collect_iron': 0.0, 'collect_sapling': 3.07, 'collect_stone': 0.0, 'collect_wood': 1.99, 'defeat_skeleton': 0.0, 'defeat_zombie': 0.15, 'eat_cow': 0.91, 'eat_plant': 0.0, 'make_iron_pickaxe': 0.0, 'make_iron_sword': 0.0, 'make_stone_pickaxe': 0.0, 'make_stone_sword': 0.0, 'make_wood_pickaxe': 0.02, 'make_wood_sword': 0.0, 'place_furnace': 0.0, 'place_plant': 2.9, 'place_stone': 0.0, 'place_table': 0.96, 'wake_up': 2.27}"
581632,5.580000000000001,1.0,0.09642555265454575,nan,-1.4744065050035715,0.09642555265454575,"{'collect_coal': 0.0, 'collect_diamond': 0.0, 'collect_drink': 11.39, 'collect_iron': 0.0, 'collect_sapling': 3.14, 'collect_stone': 0.0, 'collect_wood': 1.99, 'defeat_skeleton': 0.0, 'defeat_zombie': 0.16, 'eat_cow': 0.89, 'eat_plant': 0.02, 'make_iron_pickaxe': 0.0, 'make_iron_sword': 0.0, 'make_stone_pickaxe': 0.0, 'make_stone_sword': 0.0, 'make_wood_pickaxe': 0.02, 'make_wood_sword': 0.0, 'place_furnace': 0.0, 'place_plant': 2.98, 'place_stone': 0.0, 'place_table': 0.96, 'wake_up': 2.27}"
589824,5.52,1.0,0.10165478842682205,nan,-1.4118025245144963,0.10165478842682205,"{'collect_coal': 0.0, 'collect_diamond': 0.0, 'collect_drink': 12.05, 'collect_iron': 0.0, 'collect_sapling': 3.2, 'collect_stone': 0.0, 'collect_wood': 1.98, 'defeat_skeleton': 0.0, 'defeat_zombie': 0.17, 'eat_cow': 0.89, 'eat_plant': 0.02, 'make_iron_pickaxe': 0.0, 'make_iron_sword': 0.0, 'make_stone_pickaxe': 0.0, 'make_stone_sword': 0.0, 'make_wood_pickaxe': 0.02, 'make_wood_sword': 0.0, 'place_furnace': 0.0, 'place_plant': 3.05, 'place_stone': 0.0, 'place_table': 0.95, 'wake_up': 2.22}"
598016,5.570000000000001,1.0,0.09685023064957932,nan,-1.4586267256177963,0.09685023064957932,"{'collect_coal': 0.0, 'collect_diamond': 0.0, 'collect_drink': 12.17, 'collect_iron': 0.0, 'collect_sapling': 3.27, 'collect_stone': 0.0, 'collect_wood': 1.99, 'defeat_skeleton': 0.0, 'defeat_zombie': 0.15, 'eat_cow': 0.88, 'eat_plant': 0.02, 'make_iron_pickaxe': 0.0, 'make_iron_sword': 0.0, 'make_stone_pickaxe': 0.0, 'make_stone_sword': 0.0, 'make_wood_pickaxe': 0.02, 'make_wood_sword': 0.0, 'place_furnace': 0.0, 'place_plant': 3.1, 'place_stone': 0.0, 'place_table': 0.95, 'wake_up': 2.21}"
606208,5.550000000000001,1.0,0.10810211044445169,nan,-1.4609201953746378,0.10810211044445169,"{'collect_coal': 0.0, 'collect_diamond': 0.0, 'collect_drink': 12.64, 'collect_iron': 0.0, 'collect_sapling': 3.33, 'collect_stone': 0.0, 'collect_wood': 1.99, 'defeat_skeleton': 0.0, 'defeat_zombie': 0.14, 'eat_cow': 0.89, 'eat_plant': 0.02, 'make_iron_pickaxe': 0.0, 'make_iron_sword': 0.0, 'make_stone_pickaxe': 0.0, 'make_stone_sword': 0.0, 'make_wood_pickaxe': 0.02, 'make_wood_sword': 0.0, 'place_furnace': 0.0, 'place_plant': 3.16, 'place_stone': 0.0, 'place_table': 0.95, 'wake_up': 2.21}"
614400,5.53,1.0,0.11805658636149019,nan,-1.4377977938391269,0.11805658636149019,"{'collect_coal': 0.0, 'collect_diamond': 0.0, 'collect_drink': 13.01, 'collect_iron': 0.0, 'collect_sapling': 3.45, 'collect_stone': 0.0, 'collect_wood': 1.96, 'defeat_skeleton': 0.0, 'defeat_zombie': 0.16, 'eat_cow': 0.91, 'eat_plant': 0.02, 'make_iron_pickaxe': 0.0, 'make_iron_sword': 0.0, 'make_stone_pickaxe': 0.0, 'make_stone_sword': 0.0, 'make_wood_pickaxe': 0.01, 'make_wood_sword': 0.0, 'place_furnace': 0.0, 'place_plant': 3.28, 'place_stone': 0.0, 'place_table': 0.94, 'wake_up': 2.18}"
622592,5.520000000000001,1.0,0.10298417003359646,nan,-1.426743214111775,0.10298417003359646,"{'collect_coal': 0.0, 'collect_diamond': 0.0, 'collect_drink': 13.63, 'collect_iron': 0.0, 'collect_sapling': 3.4, 'collect_stone': 0.0, 'collect_wood': 1.95, 'defeat_skeleton': 0.0, 'defeat_zombie': 0.19, 'eat_cow': 0.88, 'eat_plant': 0.02, 'make_iron_pickaxe': 0.0, 'make_iron_sword': 0.0, 'make_stone_pickaxe': 0.0, 'make_stone_sword': 0.0, 'make_wood_pickaxe': 0.0, 'make_wood_sword': 0.0, 'place_furnace': 0.0, 'place_plant': 3.22, 'place_stone': 0.0, 'place_table': 0.94, 'wake_up': 2.15}"
630784,5.54,1.0,0.10365439147280994,nan,-1.4296926368959249,0.10365439147280994,"{'collect_coal': 0.0, 'collect_diamond': 0.0, 'collect_drink': 13.78, 'collect_iron': 0.0, 'collect_sapling': 3.28, 'collect_stone': 0.0, 'collect_wood': 1.94, 'defeat_skeleton': 0.0, 'defeat_zombie': 0.19, 'eat_cow': 0.87, 'eat_plant': 0.02, 'make_iron_pickaxe': 0.0, 'make_iron_sword': 0.0, 'make_stone_pickaxe': 0.0, 'make_stone_sword': 0.0, 'make_wood_pickaxe': 0.0, 'make_wood_sword': 0.0, 'place_furnace': 0.0, 'place_plant': 3.14, 'place_stone': 0.0, 'place_table': 0.93, 'wake_up': 2.17}"
638976,5.6800000000000015,1.0,0.11855207661574241,nan,-1.4063228046521545,0.11855207661574241,"{'collect_coal': 0.0, 'collect_diamond': 0.0, 'collect_drink': 13.05, 'collect_iron': 0.0, 'collect_sapling': 3.39, 'collect_stone': 0.0, 'collect_wood': 1.95, 'defeat_skeleton': 0.0, 'defeat_zombie': 0.18, 'eat_cow': 0.87, 'eat_plant': 0.02, 'make_iron_pickaxe': 0.0, 'make_iron_sword': 0.0, 'make_stone_pickaxe': 0.0, 'make_stone_sword': 0.0, 'make_wood_pickaxe': 0.0, 'make_wood_sword': 0.0, 'place_furnace': 0.0, 'place_plant': 3.25, 'place_stone': 0.0, 'place_table': 0.93, 'wake_up': 2.15}"
647168,5.57,1.0,0.11619349646207411,nan,-1.3905275525525211,0.11619349646207411,"{'collect_coal': 0.0, 'collect_diamond': 0.0, 'collect_drink': 12.53, 'collect_iron': 0.0, 'collect_sapling': 3.44, 'collect_stone': 0.0, 'collect_wood': 2.04, 'defeat_skeleton': 0.0, 'defeat_zombie': 0.21, 'eat_cow': 0.89, 'eat_plant': 0.02, 'make_iron_pickaxe': 0.0, 'make_iron_sword': 0.0, 'make_stone_pickaxe': 0.0, 'make_stone_sword': 0.0, 'make_wood_pickaxe': 0.0, 'make_wood_sword': 0.01, 'place_furnace': 0.0, 'place_plant': 3.25, 'place_stone': 0.0, 'place_table': 0.98, 'wake_up': 2.09}"
655360,5.620000000000001,1.0,0.11046466446423438,nan,-1.3671798684634269,0.11046466446423438,"{'collect_coal': 0.0, 'collect_diamond': 0.0, 'collect_drink': 12.42, 'collect_iron': 0.0, 'collect_sapling': 3.49, 'collect_stone': 0.0, 'collect_wood': 2.03, 'defeat_skeleton': 0.0, 'defeat_zombie': 0.2, 'eat_cow': 0.91, 'eat_plant': 0.02, 'make_iron_pickaxe': 0.0, 'make_iron_sword': 0.0, 'make_stone_pickaxe': 0.0, 'make_stone_sword': 0.0, 'make_wood_pickaxe': 0.0, 'make_wood_sword': 0.01, 'place_furnace': 0.0, 'place_plant': 3.3, 'place_stone': 0.0, 'place_table': 0.97, 'wake_up': 2.05}"
663552,5.590000000000001,1.0,0.09112321267311926,nan,-1.4478540106676518,0.09112321267311926,"{'collect_coal': 0.0, 'collect_diamond': 0.0, 'collect_drink': 11.12, 'collect_iron': 0.0, 'collect_sapling': 3.51, 'collect_stone': 0.0, 'collect_wood': 2.03, 'defeat_skeleton': 0.0, 'defeat_zombie': 0.21, 'eat_cow': 0.9, 'eat_plant': 0.0, 'make_iron_pickaxe': 0.0, 'make_iron_sword': 0.0, 'make_stone_pickaxe': 0.0, 'make_stone_sword': 0.0, 'make_wood_pickaxe': 0.0, 'make_wood_sword': 0.01, 'place_furnace': 0.0, 'place_plant': 3.27, 'place_stone': 0.0, 'place_table': 0.97, 'wake_up': 2.04}"
671744,5.480000000000001,1.0,0.10430566233408171,nan,-1.4097014073282481,0.10430566233408171,"{'collect_coal': 0.0, 'collect_diamond': 0.0, 'collect_drink': 10.77, 'collect_iron': 0.0, 'collect_sapling': 3.51, 'collect_stone': 0.0, 'collect_wood': 2.05, 'defeat_skeleton': 0.0, 'defeat_zombie': 0.23, 'eat_cow': 0.91, 'eat_plant': 0.0, 'make_iron_pickaxe': 0.0, 'make_iron_sword': 0.0, 'make_stone_pickaxe': 0.0, 'make_stone_sword': 0.0, 'make_wood_pickaxe': 0.0, 'make_wood_sword': 0.01, 'place_furnace': 0.0, 'place_plant': 3.29, 'place_stone': 0.0, 'place_table': 0.99, 'wake_up': 2.01}"
679936,5.6400000000000015,1.0,0.09237085544737056,nan,-1.4244761866517366,0.09237085544737056,"{'collect_coal': 0.0, 'collect_diamond': 0.0, 'collect_drink': 10.39, 'collect_iron': 0.0, 'collect_sapling': 3.57, 'collect_stone': 0.0, 'collect_wood': 2.07, 'defeat_skeleton': 0.0, 'defeat_zombie': 0.26, 'eat_cow': 0.92, 'eat_plant': 0.0, 'make_iron_pickaxe': 0.0, 'make_iron_sword': 0.0, 'make_stone_pickaxe': 0.0, 'make_stone_sword': 0.0, 'make_wood_pickaxe': 0.0, 'make_wood_sword': 0.01, 'place_furnace': 0.0, 'place_plant': 3.32, 'place_stone': 0.0, 'place_table': 1.0, 'wake_up': 1.9}"
688128,5.730000000000001,1.0,0.1299451279861387,nan,-1.3831839254125953,0.1299451279861387,"{'collect_coal': 0.0, 'collect_diamond': 0.0, 'collect_drink': 10.5, 'collect_iron': 0.0, 'collect_sapling': 3.67, 'collect_stone': 0.0, 'collect_wood': 2.07, 'defeat_skeleton': 0.0, 'defeat_zombie': 0.29, 'eat_cow': 0.89, 'eat_plant': 0.0, 'make_iron_pickaxe': 0.0, 'make_iron_sword': 0.0, 'make_stone_pickaxe': 0.0, 'make_stone_sword': 0.0, 'make_wood_pickaxe': 0.0, 'make_wood_sword': 0.01, 'place_furnace': 0.0, 'place_plant': 3.39, 'place_stone': 0.0, 'place_table': 0.99, 'wake_up': 1.88}"
696320,5.600000000000001,1.0,0.12950793810014147,nan,-1.4120759423822165,0.12950793810014147,"{'collect_coal': 0.0, 'collect_diamond': 0.0, 'collect_drink': 10.39, 'collect_iron': 0.0, 'collect_sapling': 3.68, 'collect_stone': 0.0, 'collect_wood': 2.09, 'defeat_skeleton': 0.0, 'defeat_zombie': 0.28, 'eat_cow': 0.9, 'eat_plant': 0.0, 'make_iron_pickaxe': 0.0, 'make_iron_sword': 0.0, 'make_stone_pickaxe': 0.0, 'make_stone_sword': 0.0, 'make_wood_pickaxe': 0.0, 'make_wood_sword': 0.01, 'place_furnace': 0.0, 'place_plant': 3.37, 'place_stone': 0.0, 'place_table': 1.0, 'wake_up': 1.88}"
704512,5.560000000000001,1.0,0.1374798565491801,nan,-1.3822392079979182,0.1374798565491801,"{'collect_coal': 0.0, 'collect_diamond': 0.0, 'collect_drink': 10.24, 'collect_iron': 0.0, 'collect_sapling': 3.75, 'collect_stone': 0.0, 'collect_wood': 2.08, 'defeat_skeleton': 0.0, 'defeat_zombie': 0.27, 'eat_cow': 0.89, 'eat_plant': 0.0, 'make_iron_pickaxe': 0.0, 'make_iron_sword': 0.0, 'make_stone_pickaxe': 0.0, 'make_stone_sword': 0.0, 'make_wood_pickaxe': 0.0, 'make_wood_sword': 0.01, 'place_furnace': 0.0, 'place_plant': 3.44, 'place_stone': 0.0, 'place_table': 0.99, 'wake_up': 1.9}"
712704,5.530000000000001,1.0,0.12218416823598091,nan,-1.4187374887987971,0.12218416823598091,"{'collect_coal': 0.0, 'collect_diamond': 0.0, 'collect_drink': 9.88, 'collect_iron': 0.0, 'collect_sapling': 3.72, 'collect_stone': 0.0, 'collect_wood': 2.06, 'defeat_skeleton': 0.0, 'defeat_zombie': 0.25, 'eat_cow': 0.89, 'eat_plant': 0.0, 'make_iron_pickaxe': 0.0, 'make_iron_sword': 0.0, 'make_stone_pickaxe': 0.0, 'make_stone_sword': 0.0, 'make_wood_pickaxe': 0.01, 'make_wood_sword': 0.01, 'place_furnace': 0.0, 'place_plant': 3.39, 'place_stone': 0.0, 'place_table': 0.97, 'wake_up': 1.91}"
720896,5.480000000000001,1.0,0.11760457070777193,nan,-1.3663414519280195,0.11760457070777193,"{'collect_coal': 0.0, 'collect_diamond': 0.0, 'collect_drink': 10.34, 'collect_iron': 0.0, 'collect_sapling': 3.73, 'collect_stone': 0.0, 'collect_wood': 2.03, 'defeat_skeleton': 0.0, 'defeat_zombie': 0.24, 'eat_cow': 0.9, 'eat_plant': 0.0, 'make_iron_pickaxe': 0.0, 'make_iron_sword': 0.0, 'make_stone_pickaxe': 0.0, 'make_stone_sword': 0.0, 'make_wood_pickaxe': 0.01, 'make_wood_sword': 0.01, 'place_furnace': 0.0, 'place_plant': 3.41, 'place_stone': 0.0, 'place_table': 0.95, 'wake_up': 1.89}"
729088,5.630000000000001,1.0,0.10901107572426554,nan,-1.3886233015917242,0.10901107572426554,"{'collect_coal': 0.0, 'collect_diamond': 0.0, 'collect_drink': 10.42, 'collect_iron': 0.0, 'collect_sapling': 3.66, 'collect_stone': 0.0, 'collect_wood': 2.06, 'defeat_skeleton': 0.0, 'defeat_zombie': 0.23, 'eat_cow': 0.9, 'eat_plant': 0.0, 'make_iron_pickaxe': 0.0, 'make_iron_sword': 0.0, 'make_stone_pickaxe': 0.0, 'make_stone_sword': 0.0, 'make_wood_pickaxe': 0.01, 'make_wood_sword': 0.01, 'place_furnace': 0.0, 'place_plant': 3.36, 'place_stone': 0.0, 'place_table': 0.96, 'wake_up': 1.93}"
737280,5.72,1.0,0.10712822356726974,nan,-1.386573112104088,0.10712822356726974,"{'collect_coal': 0.0, 'collect_diamond': 0.0, 'collect_drink': 10.59, 'collect_iron': 0.0, 'collect_sapling': 3.6, 'collect_stone': 0.0, 'collect_wood': 2.06, 'defeat_skeleton': 0.0, 'defeat_zombie': 0.2, 'eat_cow': 0.89, 'eat_plant': 0.0, 'make_iron_pickaxe': 0.0, 'make_iron_sword': 0.0, 'make_stone_pickaxe': 0.0, 'make_stone_sword': 0.0, 'make_wood_pickaxe': 0.01, 'make_wood_sword': 0.01, 'place_furnace': 0.0, 'place_plant': 3.32, 'place_stone': 0.0, 'place_table': 0.96, 'wake_up': 2.01}"
745472,5.820000000000001,1.0,0.10078190895728767,nan,-1.404352943226695,0.10078190895728767,"{'collect_coal': 0.0, 'collect_diamond': 0.0, 'collect_drink': 10.68, 'collect_iron': 0.0, 'collect_sapling': 3.62, 'collect_stone': 0.0, 'collect_wood': 2.05, 'defeat_skeleton': 0.0, 'defeat_zombie': 0.18, 'eat_cow': 0.89, 'eat_plant': 0.0, 'make_iron_pickaxe': 0.0, 'make_iron_sword': 0.0, 'make_stone_pickaxe': 0.0, 'make_stone_sword': 0.0, 'make_wood_pickaxe': 0.01, 'make_wood_sword': 0.01, 'place_furnace': 0.0, 'place_plant': 3.32, 'place_stone': 0.0, 'place_table': 0.96, 'wake_up': 2.02}"
753664,5.710000000000001,1.0,0.09811356154823443,nan,-1.3919464559294283,0.09811356154823443,"{'collect_coal': 0.0, 'collect_diamond': 0.0, 'collect_drink': 10.28, 'collect_iron': 0.0, 'collect_sapling': 3.51, 'collect_stone': 0.0, 'collect_wood': 2.04, 'defeat_skeleton': 0.0, 'defeat_zombie': 0.17, 'eat_cow': 0.88, 'eat_plant': 0.0, 'make_iron_pickaxe': 0.0, 'make_iron_sword': 0.0, 'make_stone_pickaxe': 0.0, 'make_stone_sword': 0.0, 'make_wood_pickaxe': 0.01, 'make_wood_sword': 0.01, 'place_furnace': 0.0, 'place_plant': 3.25, 'place_stone': 0.0, 'place_table': 0.95, 'wake_up': 2.13}"
761856,5.69,1.0,0.10335115228081122,nan,-1.3559753492474556,0.10335115228081122,"{'collect_coal': 0.0, 'collect_diamond': 0.0, 'collect_drink': 10.47, 'collect_iron': 0.0, 'collect_sapling': 3.35, 'collect_stone': 0.0, 'collect_wood': 2.05, 'defeat_skeleton': 0.0, 'defeat_zombie': 0.17, 'eat_cow': 0.9, 'eat_plant': 0.0, 'make_iron_pickaxe': 0.0, 'make_iron_sword': 0.0, 'make_stone_pickaxe': 0.0, 'make_stone_sword': 0.0, 'make_wood_pickaxe': 0.02, 'make_wood_sword': 0.02, 'place_furnace': 0.0, 'place_plant': 3.09, 'place_stone': 0.0, 'place_table': 0.95, 'wake_up': 2.17}"
770048,5.6400000000000015,1.0,0.1219853069196688,nan,-1.3479224438779056,0.1219853069196688,"{'collect_coal': 0.0, 'collect_diamond': 0.0, 'collect_drink': 10.41, 'collect_iron': 0.0, 'collect_sapling': 3.3, 'collect_stone': 0.0, 'collect_wood': 2.12, 'defeat_skeleton': 0.0, 'defeat_zombie': 0.17, 'eat_cow': 0.87, 'eat_plant': 0.0, 'make_iron_pickaxe': 0.0, 'make_iron_sword': 0.0, 'make_stone_pickaxe': 0.0, 'make_stone_sword': 0.0, 'make_wood_pickaxe': 0.03, 'make_wood_sword': 0.02, 'place_furnace': 0.0, 'place_plant': 3.09, 'place_stone': 0.0, 'place_table': 0.98, 'wake_up': 2.19}"
778240,5.760000000000002,1.0,0.12841628009337,nan,-1.3347862426191568,0.12841628009337,"{'collect_coal': 0.0, 'collect_diamond': 0.0, 'collect_drink': 9.99, 'collect_iron': 0.0, 'collect_sapling': 3.23, 'collect_stone': 0.0, 'collect_wood': 2.15, 'defeat_skeleton': 0.0, 'defeat_zombie': 0.16, 'eat_cow': 0.88, 'eat_plant': 0.0, 'make_iron_pickaxe': 0.0, 'make_iron_sword': 0.0, 'make_stone_pickaxe': 0.0, 'make_stone_sword': 0.0, 'make_wood_pickaxe': 0.03, 'make_wood_sword': 0.02, 'place_furnace': 0.0, 'place_plant': 3.02, 'place_stone': 0.0, 'place_table': 1.0, 'wake_up': 2.25}"
786432,5.9,1.0,0.12631510360806714,nan,-1.3335025759413839,0.12631510360806714,"{'collect_coal': 0.0, 'collect_diamond': 0.0, 'collect_drink': 10.26, 'collect_iron': 0.0, 'collect_sapling': 3.13, 'collect_stone': 0.0, 'collect_wood': 2.15, 'defeat_skeleton': 0.0, 'defeat_zombie': 0.19, 'eat_cow': 0.88, 'eat_plant': 0.0, 'make_iron_pickaxe': 0.0, 'make_iron_sword': 0.0, 'make_stone_pickaxe': 0.0, 'make_stone_sword': 0.0, 'make_wood_pickaxe': 0.02, 'make_wood_sword': 0.02, 'place_furnace': 0.0, 'place_plant': 2.92, 'place_stone': 0.0, 'place_table': 1.01, 'wake_up': 2.25}"
794624,6.04,1.0,0.126682654718752,nan,-1.2933887016028165,0.126682654718752,"{'collect_coal': 0.0, 'collect_diamond': 0.0, 'collect_drink': 10.2, 'collect_iron': 0.0, 'collect_sapling': 3.21, 'collect_stone': 0.0, 'collect_wood': 2.17, 'defeat_skeleton': 0.0, 'defeat_zombie': 0.2, 'eat_cow': 0.88, 'eat_plant': 0.0, 'make_iron_pickaxe': 0.0, 'make_iron_sword': 0.0, 'make_stone_pickaxe': 0.0, 'make_stone_sword': 0.0, 'make_wood_pickaxe': 0.02, 'make_wood_sword': 0.01, 'place_furnace': 0.0, 'place_plant': 2.97, 'place_stone': 0.0, 'place_table': 1.02, 'wake_up': 2.25}"
802816,6.12,1.0,0.10209954804740846,nan,-1.303312220517546,0.10209954804740846,"{'collect_coal': 0.0, 'collect_diamond': 0.0, 'collect_drink': 10.13, 'collect_iron': 0.0, 'collect_sapling': 3.16, 'collect_stone': 0.0, 'collect_wood': 2.18, 'defeat_skeleton': 0.0, 'defeat_zombie': 0.23, 'eat_cow': 0.88, 'eat_plant': 0.0, 'make_iron_pickaxe': 0.0, 'make_iron_sword': 0.0, 'make_stone_pickaxe': 0.0, 'make_stone_sword': 0.0, 'make_wood_pickaxe': 0.03, 'make_wood_sword': 0.02, 'place_furnace': 0.0, 'place_plant': 2.92, 'place_stone': 0.0, 'place_table': 1.02, 'wake_up': 2.24}"
811008,5.95,1.0,0.1233773427142296,nan,-1.2968151613138617,0.1233773427142296,"{'collect_coal': 0.0, 'collect_diamond': 0.0, 'collect_drink': 10.27, 'collect_iron': 0.0, 'collect_sapling': 3.16, 'collect_stone': 0.0, 'collect_wood': 2.19, 'defeat_skeleton': 0.0, 'defeat_zombie': 0.26, 'eat_cow': 0.89, 'eat_plant': 0.0, 'make_iron_pickaxe': 0.0, 'make_iron_sword': 0.0, 'make_stone_pickaxe': 0.0, 'make_stone_sword': 0.0, 'make_wood_pickaxe': 0.04, 'make_wood_sword': 0.02, 'place_furnace': 0.0, 'place_plant': 2.88, 'place_stone': 0.0, 'place_table': 1.02, 'wake_up': 2.23}"
819200,6.07,1.0,0.10201365164830349,nan,-1.3104754026979208,0.10201365164830349,"{'collect_coal': 0.0, 'collect_diamond': 0.0, 'collect_drink': 10.15, 'collect_iron': 0.0, 'collect_sapling': 3.09, 'collect_stone': 0.0, 'collect_wood': 2.25, 'defeat_skeleton': 0.0, 'defeat_zombie': 0.28, 'eat_cow': 0.89, 'eat_plant': 0.0, 'make_iron_pickaxe': 0.0, 'make_iron_sword': 0.0, 'make_stone_pickaxe': 0.0, 'make_stone_sword': 0.0, 'make_wood_pickaxe': 0.05, 'make_wood_sword': 0.03, 'place_furnace': 0.0, 'place_plant': 2.8, 'place_stone': 0.0, 'place_table': 1.04, 'wake_up': 2.24}"
827392,6.0,1.0,0.12037679962522815,nan,-1.3102503053843975,0.12037679962522815,"{'collect_coal': 0.0, 'collect_diamond': 0.0, 'collect_drink': 9.77, 'collect_iron': 0.0, 'collect_sapling': 3.09, 'collect_stone': 0.0, 'collect_wood': 2.25, 'defeat_skeleton': 0.0, 'defeat_zombie': 0.29, 'eat_cow': 0.9, 'eat_plant': 0.0, 'make_iron_pickaxe': 0.0, 'make_iron_sword': 0.0, 'make_stone_pickaxe': 0.0, 'make_stone_sword': 0.0, 'make_wood_pickaxe': 0.06, 'make_wood_sword': 0.03, 'place_furnace': 0.0, 'place_plant': 2.76, 'place_stone': 0.0, 'place_table': 1.03, 'wake_up': 2.2}"
835584,5.95,1.0,0.09986488275171723,nan,-1.2688314295373857,0.09986488275171723,"{'collect_coal': 0.0, 'collect_diamond': 0.0, 'collect_drink': 9.36, 'collect_iron': 0.0, 'collect_sapling': 3.23, 'collect_stone': 0.0, 'collect_wood': 2.27, 'defeat_skeleton': 0.0, 'defeat_zombie': 0.27, 'eat_cow': 0.9, 'eat_plant': 0.0, 'make_iron_pickaxe': 0.0, 'make_iron_sword': 0.0, 'make_stone_pickaxe': 0.0, 'make_stone_sword': 0.0, 'make_wood_pickaxe': 0.05, 'make_wood_sword': 0.03, 'place_furnace': 0.0, 'place_plant': 2.81, 'place_stone': 0.0, 'place_table': 1.04, 'wake_up': 2.15}"
843776,6.02,1.0,0.11612005416827742,nan,-1.2507956655696035,0.11612005416827742,"{'collect_coal': 0.0, 'collect_diamond': 0.0, 'collect_drink': 9.72, 'collect_iron': 0.0, 'collect_sapling': 3.23, 'collect_stone': 0.0, 'collect_wood': 2.3, 'defeat_skeleton': 0.0, 'defeat_zombie': 0.27, 'eat_cow': 0.95, 'eat_plant': 0.0, 'make_iron_pickaxe': 0.0, 'make_iron_sword': 0.0, 'make_stone_pickaxe': 0.0, 'make_stone_sword': 0.0, 'make_wood_pickaxe': 0.04, 'make_wood_sword': 0.03, 'place_furnace': 0.0, 'place_plant': 2.76, 'place_stone': 0.0, 'place_table': 1.07, 'wake_up': 2.13}"
851968,6.07,1.0,0.11533743960899301,nan,-1.2453134024515748,0.11533743960899301,"{'collect_coal': 0.0, 'collect_diamond': 0.0, 'collect_drink': 9.7, 'collect_iron': 0.0, 'collect_sapling': 3.35, 'collect_stone': 0.0, 'collect_wood': 2.35, 'defeat_skeleton': 0.0, 'defeat_zombie': 0.28, 'eat_cow': 0.97, 'eat_plant': 0.0, 'make_iron_pickaxe': 0.0, 'make_iron_sword': 0.0, 'make_stone_pickaxe': 0.0, 'make_stone_sword': 0.0, 'make_wood_pickaxe': 0.04, 'make_wood_sword': 0.03, 'place_furnace': 0.0, 'place_plant': 2.86, 'place_stone': 0.0, 'place_table': 1.08, 'wake_up': 2.08}"
860160,6.07,1.0,0.12216522628732492,nan,-1.2425842967815697,0.12216522628732492,"{'collect_coal': 0.0, 'collect_diamond': 0.0, 'collect_drink': 10.17, 'collect_iron': 0.0, 'collect_sapling': 3.44, 'collect_stone': 0.0, 'collect_wood': 2.38, 'defeat_skeleton': 0.0, 'defeat_zombie': 0.29, 'eat_cow': 0.96, 'eat_plant': 0.0, 'make_iron_pickaxe': 0.0, 'make_iron_sword': 0.0, 'make_stone_pickaxe': 0.0, 'make_stone_sword': 0.0, 'make_wood_pickaxe': 0.04, 'make_wood_sword': 0.03, 'place_furnace': 0.0, 'place_plant': 2.93, 'place_stone': 0.0, 'place_table': 1.09, 'wake_up': 2.01}"
868352,6.07,1.0,0.10922894405084663,nan,-1.2417988278903067,0.10922894405084663,"{'collect_coal': 0.0, 'collect_diamond': 0.0, 'collect_drink': 9.72, 'collect_iron': 0.0, 'collect_sapling': 3.43, 'collect_stone': 0.0, 'collect_wood': 2.43, 'defeat_skeleton': 0.0, 'defeat_zombie': 0.28, 'eat_cow': 0.97, 'eat_plant': 0.0, 'make_iron_pickaxe': 0.0, 'make_iron_sword': 0.0, 'make_stone_pickaxe': 0.0, 'make_stone_sword': 0.0, 'make_wood_pickaxe': 0.05, 'make_wood_sword': 0.03, 'place_furnace': 0.0, 'place_plant': 2.92, 'place_stone': 0.0, 'place_table': 1.12, 'wake_up': 2.0}"
876544,5.98,1.0,0.11332370622549207,nan,-1.2719379311427474,0.11332370622549207,"{'collect_coal': 0.0, 'collect_diamond': 0.0, 'collect_drink': 9.73, 'collect_iron': 0.0, 'collect_sapling': 3.49, 'collect_stone': 0.0, 'collect_wood': 2.48, 'defeat_skeleton': 0.0, 'defeat_zombie': 0.3, 'eat_cow': 0.97, 'eat_plant': 0.0, 'make_iron_pickaxe': 0.0, 'make_iron_sword': 0.0, 'make_stone_pickaxe': 0.0, 'make_stone_sword': 0.0, 'make_wood_pickaxe': 0.05, 'make_wood_sword': 0.03, 'place_furnace': 0.0, 'place_plant': 2.93, 'place_stone': 0.0, 'place_table': 1.13, 'wake_up': 1.95}"
884736,5.94,1.0,0.10679812108573969,nan,-1.2429201005492359,0.10679812108573969,"{'collect_coal': 0.0, 'collect_diamond': 0.0, 'collect_drink': 10.06, 'collect_iron': 0.0, 'collect_sapling': 3.63, 'collect_stone': 0.0, 'collect_wood': 2.48, 'defeat_skeleton': 0.0, 'defeat_zombie': 0.28, 'eat_cow': 0.98, 'eat_plant': 0.0, 'make_iron_pickaxe': 0.0, 'make_iron_sword': 0.0, 'make_stone_pickaxe': 0.0, 'make_stone_sword': 0.0, 'make_wood_pickaxe': 0.03, 'make_wood_sword': 0.02, 'place_furnace': 0.0, 'place_plant': 3.1, 'place_stone': 0.0, 'place_table': 1.14, 'wake_up': 1.97}"
892928,6.1,1.0,0.09676752821542323,nan,-1.2389591185376048,0.09676752821542323,"{'collect_coal': 0.0, 'collect_diamond': 0.0, 'collect_drink': 10.13, 'collect_iron': 0.0, 'collect_sapling': 3.85, 'collect_stone': 0.0, 'collect_wood': 2.46, 'defeat_skeleton': 0.0, 'defeat_zombie': 0.3, 'eat_cow': 0.99, 'eat_plant': 0.0, 'make_iron_pickaxe': 0.0, 'make_iron_sword': 0.0, 'make_stone_pickaxe': 0.0, 'make_stone_sword': 0.0, 'make_wood_pickaxe': 0.03, 'make_wood_sword': 0.01, 'place_furnace': 0.0, 'place_plant': 3.29, 'place_stone': 0.0, 'place_table': 1.13, 'wake_up': 1.92}"
901120,6.11,1.0,0.11096783356624655,nan,-1.2292338080704213,0.11096783356624655,"{'collect_coal': 0.0, 'collect_diamond': 0.0, 'collect_drink': 10.14, 'collect_iron': 0.0, 'collect_sapling': 3.95, 'collect_stone': 0.0, 'collect_wood': 2.46, 'defeat_skeleton': 0.0, 'defeat_zombie': 0.29, 'eat_cow': 0.96, 'eat_plant': 0.0, 'make_iron_pickaxe': 0.0, 'make_iron_sword': 0.0, 'make_stone_pickaxe': 0.0, 'make_stone_sword': 0.0, 'make_wood_pickaxe': 0.01, 'make_wood_sword': 0.01, 'place_furnace': 0.0, 'place_plant': 3.37, 'place_stone': 0.0, 'place_table': 1.15, 'wake_up': 1.89}"
909312,6.22,1.0,0.09641757655481342,nan,-1.225272497208789,0.09641757655481342,"{'collect_coal': 0.0, 'collect_diamond': 0.0, 'collect_drink': 10.85, 'collect_iron': 0.0, 'collect_sapling': 4.04, 'collect_stone': 0.0, 'collect_wood': 2.5, 'defeat_skeleton': 0.0, 'defeat_zombie': 0.31, 'eat_cow': 0.98, 'eat_plant': 0.0, 'make_iron_pickaxe': 0.0, 'make_iron_sword': 0.0, 'make_stone_pickaxe': 0.0, 'make_stone_sword': 0.0, 'make_wood_pickaxe': 0.02, 'make_wood_sword': 0.01, 'place_furnace': 0.0, 'place_plant': 3.46, 'place_stone': 0.0, 'place_table': 1.16, 'wake_up': 1.88}"
917504,6.23,1.0,0.11427047841134481,nan,-1.226935064420104,0.11427047841134481,"{'collect_coal': 0.0, 'collect_diamond': 0.0, 'collect_drink': 11.97, 'collect_iron': 0.0, 'collect_sapling': 4.1, 'collect_stone': 0.0, 'collect_wood': 2.47, 'defeat_skeleton': 0.0, 'defeat_zombie': 0.29, 'eat_cow': 0.96, 'eat_plant': 0.0, 'make_iron_pickaxe': 0.0, 'make_iron_sword': 0.0, 'make_stone_pickaxe': 0.0, 'make_stone_sword': 0.0, 'make_wood_pickaxe': 0.02, 'make_wood_sword': 0.01, 'place_furnace': 0.0, 'place_plant': 3.57, 'place_stone': 0.0, 'place_table': 1.14, 'wake_up': 1.87}"
925696,5.98,1.0,0.1342092799313832,nan,-1.192740583512932,0.1342092799313832,"{'collect_coal': 0.0, 'collect_diamond': 0.0, 'collect_drink': 12.47, 'collect_iron': 0.0, 'collect_sapling': 4.13, 'collect_stone': 0.0, 'collect_wood': 2.38, 'defeat_skeleton': 0.0, 'defeat_zombie': 0.3, 'eat_cow': 0.94, 'eat_plant': 0.0, 'make_iron_pickaxe': 0.0, 'make_iron_sword': 0.0, 'make_stone_pickaxe': 0.0, 'make_stone_sword': 0.0, 'make_wood_pickaxe': 0.02, 'make_wood_sword': 0.0, 'place_furnace': 0.0, 'place_plant': 3.63, 'place_stone': 0.0, 'place_table': 1.1, 'wake_up': 1.88}"
933888,5.93,1.0,0.12789006875827907,nan,-1.1901898508891464,0.12789006875827907,"{'collect_coal': 0.0, 'collect_diamond': 0.0, 'collect_drink': 13.1, 'collect_iron': 0.0, 'collect_sapling': 4.23, 'collect_stone': 0.0, 'collect_wood': 2.3, 'defeat_skeleton': 0.0, 'defeat_zombie': 0.32, 'eat_cow': 0.96, 'eat_plant': 0.0, 'make_iron_pickaxe': 0.0, 'make_iron_sword': 0.0, 'make_stone_pickaxe': 0.0, 'make_stone_sword': 0.0, 'make_wood_pickaxe': 0.02, 'make_wood_sword': 0.0, 'place_furnace': 0.0, 'place_plant': 3.75, 'place_stone': 0.0, 'place_table': 1.07, 'wake_up': 1.81}"
942080,6.22,1.0,0.12775359703809955,nan,-1.1982144569512456,0.12775359703809955,"{'collect_coal': 0.0, 'collect_diamond': 0.0, 'collect_drink': 13.06, 'collect_iron': 0.0, 'collect_sapling': 4.25, 'collect_stone': 0.0, 'collect_wood': 2.39, 'defeat_skeleton': 0.0, 'defeat_zombie': 0.27, 'eat_cow': 1.01, 'eat_plant': 0.0, 'make_iron_pickaxe': 0.0, 'make_iron_sword': 0.0, 'make_stone_pickaxe': 0.0, 'make_stone_sword': 0.0, 'make_wood_pickaxe': 0.02, 'make_wood_sword': 0.0, 'place_furnace': 0.0, 'place_plant': 3.79, 'place_stone': 0.0, 'place_table': 1.12, 'wake_up': 1.87}"
950272,6.12,1.0,0.12288874460209627,nan,-1.2056216498371213,0.12288874460209627,"{'collect_coal': 0.0, 'collect_diamond': 0.0, 'collect_drink': 13.13, 'collect_iron': 0.0, 'collect_sapling': 4.24, 'collect_stone': 0.0, 'collect_wood': 2.37, 'defeat_skeleton': 0.0, 'defeat_zombie': 0.27, 'eat_cow': 1.01, 'eat_plant': 0.0, 'make_iron_pickaxe': 0.0, 'make_iron_sword': 0.0, 'make_stone_pickaxe': 0.0, 'make_stone_sword': 0.0, 'make_wood_pickaxe': 0.01, 'make_wood_sword': 0.01, 'place_furnace': 0.0, 'place_plant': 3.78, 'place_stone': 0.0, 'place_table': 1.11, 'wake_up': 1.85}"
958464,6.26,1.0,0.11157160259317607,nan,-1.1993668474256993,0.11157160259317607,"{'collect_coal': 0.0, 'collect_diamond': 0.0, 'collect_drink': 13.19, 'collect_iron': 0.0, 'collect_sapling': 4.17, 'collect_stone': 0.0, 'collect_wood': 2.32, 'defeat_skeleton': 0.0, 'defeat_zombie': 0.24, 'eat_cow': 1.0, 'eat_plant': 0.0, 'make_iron_pickaxe': 0.0, 'make_iron_sword': 0.0, 'make_stone_pickaxe': 0.0, 'make_stone_sword': 0.0, 'make_wood_pickaxe': 0.01, 'make_wood_sword': 0.01, 'place_furnace': 0.0, 'place_plant': 3.76, 'place_stone': 0.0, 'place_table': 1.08, 'wake_up': 1.83}"
966656,6.17,1.0,0.12280455873697065,nan,-1.249478538800031,0.12280455873697065,"{'collect_coal': 0.0, 'collect_diamond': 0.0, 'collect_drink': 12.78, 'collect_iron': 0.0, 'collect_sapling': 4.0, 'collect_stone': 0.0, 'collect_wood': 2.36, 'defeat_skeleton': 0.0, 'defeat_zombie': 0.22, 'eat_cow': 0.98, 'eat_plant': 0.0, 'make_iron_pickaxe': 0.0, 'make_iron_sword': 0.0, 'make_stone_pickaxe': 0.0, 'make_stone_sword': 0.0, 'make_wood_pickaxe': 0.01, 'make_wood_sword': 0.01, 'place_furnace': 0.0, 'place_plant': 3.56, 'place_stone': 0.0, 'place_table': 1.09, 'wake_up': 1.72}"
974848,6.17,1.0,0.11836874661385081,nan,-1.2265949109569192,0.11836874661385081,"{'collect_coal': 0.0, 'collect_diamond': 0.0, 'collect_drink': 13.0, 'collect_iron': 0.0, 'collect_sapling': 3.96, 'collect_stone': 0.0, 'collect_wood': 2.42, 'defeat_skeleton': 0.0, 'defeat_zombie': 0.19, 'eat_cow': 0.96, 'eat_plant': 0.0, 'make_iron_pickaxe': 0.0, 'make_iron_sword': 0.0, 'make_stone_pickaxe': 0.0, 'make_stone_sword': 0.0, 'make_wood_pickaxe': 0.03, 'make_wood_sword': 0.01, 'place_furnace': 0.0, 'place_plant': 3.52, 'place_stone': 0.0, 'place_table': 1.09, 'wake_up': 1.69}"
983040,6.030000000000001,1.0,0.12729582718748134,nan,-1.2247212745249272,0.12729582718748134,"{'collect_coal': 0.0, 'collect_diamond': 0.0, 'collect_drink': 12.66, 'collect_iron': 0.0, 'collect_sapling': 3.78, 'collect_stone': 0.0, 'collect_wood': 2.54, 'defeat_skeleton': 0.0, 'defeat_zombie': 0.2, 'eat_cow': 0.95, 'eat_plant': 0.0, 'make_iron_pickaxe': 0.0, 'make_iron_sword': 0.0, 'make_stone_pickaxe': 0.0, 'make_stone_sword': 0.0, 'make_wood_pickaxe': 0.05, 'make_wood_sword': 0.02, 'place_furnace': 0.0, 'place_plant': 3.39, 'place_stone': 0.0, 'place_table': 1.14, 'wake_up': 1.66}"
991232,6.15,1.0,0.11953065726556815,nan,-1.236038508079946,0.11953065726556815,"{'collect_coal': 0.0, 'collect_diamond': 0.0, 'collect_drink': 12.1, 'collect_iron': 0.0, 'collect_sapling': 3.71, 'collect_stone': 0.0, 'collect_wood': 2.59, 'defeat_skeleton': 0.0, 'defeat_zombie': 0.25, 'eat_cow': 0.95, 'eat_plant': 0.0, 'make_iron_pickaxe': 0.0, 'make_iron_sword': 0.0, 'make_stone_pickaxe': 0.0, 'make_stone_sword': 0.0, 'make_wood_pickaxe': 0.05, 'make_wood_sword': 0.02, 'place_furnace': 0.0, 'place_plant': 3.32, 'place_stone': 0.0, 'place_table': 1.16, 'wake_up': 1.66}"
999424,6.3,1.0,0.11207500765740405,nan,-1.1893050829879939,0.11207500765740405,"{'collect_coal': 0.0, 'collect_diamond': 0.0, 'collect_drink': 11.45, 'collect_iron': 0.0, 'collect_sapling': 3.66, 'collect_stone': 0.0, 'collect_wood': 2.61, 'defeat_skeleton': 0.0, 'defeat_zombie': 0.24, 'eat_cow': 0.93, 'eat_plant': 0.0, 'make_iron_pickaxe': 0.0, 'make_iron_sword': 0.0, 'make_stone_pickaxe': 0.0, 'make_stone_sword': 0.0, 'make_wood_pickaxe': 0.05, 'make_wood_sword': 0.02, 'place_furnace': 0.0, 'place_plant': 3.3, 'place_stone': 0.0, 'place_table': 1.16, 'wake_up': 1.61}"
1007616,6.27,1.0,0.11752180816256441,nan,-1.181038474617526,0.11752180816256441,"{'collect_coal': 0.0, 'collect_diamond': 0.0, 'collect_drink': 11.03, 'collect_iron': 0.0, 'collect_sapling': 3.61, 'collect_stone': 0.0, 'collect_wood': 2.82, 'defeat_skeleton': 0.0, 'defeat_zombie': 0.27, 'eat_cow': 0.93, 'eat_plant': 0.0, 'make_iron_pickaxe': 0.0, 'make_iron_sword': 0.0, 'make_stone_pickaxe': 0.0, 'make_stone_sword': 0.0, 'make_wood_pickaxe': 0.07, 'make_wood_sword': 0.05, 'place_furnace': 0.0, 'place_plant': 3.22, 'place_stone': 0.0, 'place_table': 1.23, 'wake_up': 1.59}"
