step,reward_mean,reward_extrinsic_mean,reward_intrinsic_mean,success_rate,value_loss,policy_loss,entropy_loss,loss_moving_avg,icm_inv_loss,icm_fwd_loss,reward_breakdown
8192,50.45802846938775,-0.26326530612244897,6.029643749704166,1.0,nan,nan,nan,nan,2.8307676315307617,0.00037782854633405805,"{'collect_coal': 0.0, 'collect_diamond': 0.0, 'collect_drink': 0.2, 'collect_iron': 0.0, 'collect_sapling': 0.6, 'collect_stone': 0.0, 'collect_wood': 0.6, 'defeat_skeleton': 0.0, 'defeat_zombie': 0.0, 'eat_cow': 0.0, 'eat_plant': 0.0, 'make_iron_pickaxe': 0.0, 'make_iron_sword': 0.0, 'make_stone_pickaxe': 0.0, 'make_stone_sword': 0.0, 'make_wood_pickaxe': 0.0, 'make_wood_sword': 0.0, 'place_furnace': 0.0, 'place_plant': 0.5, 'place_stone': 0.0, 'place_table': 0.1, 'wake_up': 3.0}"
16384,26.747798757575765,-0.2545454545454545,2.984369128641456,1.0,0.7786303802044131,nan,-2.822491171769798,0.7786303802044131,2.8338842391967773,0.001075032283551991,"{'collect_coal': 0.0, 'collect_diamond': 0.0, 'collect_drink': 0.7, 'collect_iron': 0.0, 'collect_sapling': 0.6, 'collect_stone': 0.0, 'collect_wood': 0.9, 'defeat_skeleton': 0.0, 'defeat_zombie': 0.0, 'eat_cow': 0.0, 'eat_plant': 0.0, 'make_iron_pickaxe': 0.0, 'make_iron_sword': 0.0, 'make_stone_pickaxe': 0.0, 'make_stone_sword': 0.0, 'make_wood_pickaxe': 0.0, 'make_wood_sword': 0.05, 'place_furnace': 0.0, 'place_plant': 0.45, 'place_stone': 0.0, 'place_table': 0.15, 'wake_up': 3.05}"
24576,3.5369577000000003,-0.251,0.11189515113830567,1.0,0.42741511717904357,nan,-2.806107730604708,0.42741511717904357,2.831969976425171,0.00018906949844677,"{'collect_coal': 0.0, 'collect_diamond': 0.0, 'collect_drink': 0.5161290322580645, 'collect_iron': 0.0, 'collect_sapling': 0.6129032258064516, 'collect_stone': 0.0, 'collect_wood': 0.8709677419354839, 'defeat_skeleton': 0.0, 'defeat_zombie': 0.0, 'eat_cow': 0.0, 'eat_plant': 0.0, 'make_iron_pickaxe': 0.0, 'make_iron_sword': 0.0, 'make_stone_pickaxe': 0.0, 'make_stone_sword': 0.0, 'make_wood_pickaxe': 0.0, 'make_wood_sword': 0.03225806451612903, 'place_furnace': 0.0, 'place_plant': 0.5161290322580645, 'place_stone': 0.0, 'place_table': 0.16129032258064516, 'wake_up': 2.870967741935484}"
32768,1.69,-0.26899999999999996,0.0,1.0,0.31180716513772494,nan,-2.79267882630229,0.31180716513772494,2.828397512435913,0.0005817539058625698,"{'collect_coal': 0.0, 'collect_diamond': 0.0, 'collect_drink': 0.4523809523809524, 'collect_iron': 0.0, 'collect_sapling': 0.6190476190476191, 'collect_stone': 0.0, 'collect_wood': 0.9523809523809523, 'defeat_skeleton': 0.0, 'defeat_zombie': 0.0, 'eat_cow': 0.0, 'eat_plant': 0.0, 'make_iron_pickaxe': 0.0, 'make_iron_sword': 0.0, 'make_stone_pickaxe': 0.0, 'make_stone_sword': 0.0, 'make_wood_pickaxe': 0.023809523809523808, 'make_wood_sword': 0.047619047619047616, 'place_furnace': 0.0, 'place_plant': 0.5, 'place_stone': 0.0, 'place_table': 0.19047619047619047, 'wake_up': 2.6904761904761907}"
40960,1.88,-0.24500000000000002,0.0,1.0,0.3043252905306872,nan,-2.7783772997558116,0.3043252905306872,2.828490734100342,0.0011829169234260917,"{'collect_coal': 0.0, 'collect_diamond': 0.0, 'collect_drink': 0.37735849056603776, 'collect_iron': 0.0, 'collect_sapling': 0.6415094339622641, 'collect_stone': 0.0, 'collect_wood': 0.8867924528301887, 'defeat_skeleton': 0.0, 'defeat_zombie': 0.0, 'eat_cow': 0.0, 'eat_plant': 0.0, 'make_iron_pickaxe': 0.0, 'make_iron_sword': 0.0, 'make_stone_pickaxe': 0.0, 'make_stone_sword': 0.0, 'make_wood_pickaxe': 0.018867924528301886, 'make_wood_sword': 0.03773584905660377, 'place_furnace': 0.0, 'place_plant': 0.5094339622641509, 'place_stone': 0.0, 'place_table': 0.1509433962264151, 'wake_up': 2.641509433962264}"
49152,2.2,-0.23200000000000004,0.0,1.0,0.169729198445566,nan,-2.7563433138653637,0.169729198445566,2.8034722805023193,0.015641579404473305,"{'collect_coal': 0.0, 'collect_diamond': 0.0, 'collect_drink': 0.6031746031746031, 'collect_iron': 0.0, 'collect_sapling': 0.7301587301587301, 'collect_stone': 0.0, 'collect_wood': 0.9206349206349206, 'defeat_skeleton': 0.0, 'defeat_zombie': 0.0, 'eat_cow': 0.0, 'eat_plant': 0.0, 'make_iron_pickaxe': 0.0, 'make_iron_sword': 0.0, 'make_stone_pickaxe': 0.0, 'make_stone_sword': 0.0, 'make_wood_pickaxe': 0.015873015873015872, 'make_wood_sword': 0.06349206349206349, 'place_furnace': 0.0, 'place_plant': 0.5873015873015873, 'place_stone': 0.0, 'place_table': 0.19047619047619047, 'wake_up': 2.6031746031746033}"
57344,2.35,-0.21899999999999997,0.0,1.0,0.16461381090339272,nan,-2.7309277806431056,0.16461381090339272,2.800706624984741,0.00769928889349103,"{'collect_coal': 0.0, 'collect_diamond': 0.0, 'collect_drink': 0.8648648648648649, 'collect_iron': 0.0, 'collect_sapling': 0.7972972972972973, 'collect_stone': 0.0, 'collect_wood': 0.972972972972973, 'defeat_skeleton': 0.0, 'defeat_zombie': 0.0, 'eat_cow': 0.0, 'eat_plant': 0.0, 'make_iron_pickaxe': 0.0, 'make_iron_sword': 0.0, 'make_stone_pickaxe': 0.0, 'make_stone_sword': 0.0, 'make_wood_pickaxe': 0.04054054054054054, 'make_wood_sword': 0.06756756756756757, 'place_furnace': 0.0, 'place_plant': 0.6351351351351351, 'place_stone': 0.0, 'place_table': 0.20270270270270271, 'wake_up': 2.608108108108108}"
65536,2.22,-0.223,0.0,1.0,0.16031435143668205,nan,-2.7102943742647767,0.16031435143668205,2.8014771938323975,0.004722302313894033,"{'collect_coal': 0.0, 'collect_diamond': 0.0, 'collect_drink': 1.0119047619047619, 'collect_iron': 0.0, 'collect_sapling': 0.8690476190476191, 'collect_stone': 0.0, 'collect_wood': 0.9285714285714286, 'defeat_skeleton': 0.0, 'defeat_zombie': 0.0, 'eat_cow': 0.011904761904761904, 'eat_plant': 0.0, 'make_iron_pickaxe': 0.0, 'make_iron_sword': 0.0, 'make_stone_pickaxe': 0.0, 'make_stone_sword': 0.0, 'make_wood_pickaxe': 0.03571428571428571, 'make_wood_sword': 0.07142857142857142, 'place_furnace': 0.0, 'place_plant': 0.6785714285714286, 'place_stone': 0.0, 'place_table': 0.19047619047619047, 'wake_up': 2.5714285714285716}"
73728,2.59,-0.24300000000000005,0.0,1.0,0.15853950108867138,nan,-2.7019332271069287,0.15853950108867138,2.785982608795166,0.009406199678778648,"{'collect_coal': 0.0, 'collect_diamond': 0.0, 'collect_drink': 0.9680851063829787, 'collect_iron': 0.0, 'collect_sapling': 0.925531914893617, 'collect_stone': 0.0, 'collect_wood': 0.9787234042553191, 'defeat_skeleton': 0.0, 'defeat_zombie': 0.010638297872340425, 'eat_cow': 0.010638297872340425, 'eat_plant': 0.0, 'make_iron_pickaxe': 0.0, 'make_iron_sword': 0.0, 'make_stone_pickaxe': 0.0, 'make_stone_sword': 0.0, 'make_wood_pickaxe': 0.0425531914893617, 'make_wood_sword': 0.06382978723404255, 'place_furnace': 0.0, 'place_plant': 0.7127659574468085, 'place_stone': 0.0, 'place_table': 0.2127659574468085, 'wake_up': 2.5638297872340425}"
81920,2.9800000000000013,-0.21900000000000003,0.0,1.0,0.17082080497057178,nan,-2.6564641734585166,0.17082080497057178,2.7125234603881836,0.005641351453959942,"{'collect_coal': 0.0, 'collect_diamond': 0.0, 'collect_drink': 1.27, 'collect_iron': 0.0, 'collect_sapling': 1.03, 'collect_stone': 0.0, 'collect_wood': 1.03, 'defeat_skeleton': 0.0, 'defeat_zombie': 0.01, 'eat_cow': 0.01, 'eat_plant': 0.0, 'make_iron_pickaxe': 0.0, 'make_iron_sword': 0.0, 'make_stone_pickaxe': 0.0, 'make_stone_sword': 0.0, 'make_wood_pickaxe': 0.04, 'make_wood_sword': 0.08, 'place_furnace': 0.0, 'place_plant': 0.8, 'place_stone': 0.0, 'place_table': 0.24, 'wake_up': 2.63}"
90112,3.220000000000001,-0.23400000000000007,0.0,1.0,0.17956812042975798,nan,-2.618487032875419,0.17956812042975798,2.8179776668548584,0.007637418806552887,"{'collect_coal': 0.0, 'collect_diamond': 0.0, 'collect_drink': 1.59, 'collect_iron': 0.0, 'collect_sapling': 1.1, 'collect_stone': 0.0, 'collect_wood': 1.09, 'defeat_skeleton': 0.0, 'defeat_zombie': 0.01, 'eat_cow': 0.01, 'eat_plant': 0.0, 'make_iron_pickaxe': 0.0, 'make_iron_sword': 0.0, 'make_stone_pickaxe': 0.0, 'make_stone_sword': 0.0, 'make_wood_pickaxe': 0.05, 'make_wood_sword': 0.08, 'place_furnace': 0.0, 'place_plant': 0.88, 'place_stone': 0.0, 'place_table': 0.27, 'wake_up': 2.53}"
98304,3.510000000000001,-0.2710000000000001,0.0,1.0,0.17261484673363156,nan,-2.5920538043603303,0.17261484673363156,2.7138805389404297,0.005832587368786335,"{'collect_coal': 0.0, 'collect_diamond': 0.0, 'collect_drink': 1.79, 'collect_iron': 0.0, 'collect_sapling': 1.21, 'collect_stone': 0.0, 'collect_wood': 1.21, 'defeat_skeleton': 0.0, 'defeat_zombie': 0.01, 'eat_cow': 0.02, 'eat_plant': 0.0, 'make_iron_pickaxe': 0.0, 'make_iron_sword': 0.0, 'make_stone_pickaxe': 0.0, 'make_stone_sword': 0.0, 'make_wood_pickaxe': 0.07, 'make_wood_sword': 0.08, 'place_furnace': 0.0, 'place_plant': 0.96, 'place_stone': 0.0, 'place_table': 0.31, 'wake_up': 2.5}"
106496,3.840000000000001,-0.245,0.0,1.0,0.1733224819181487,nan,-2.5486726250499485,0.1733224819181487,2.713353157043457,0.007300893310457468,"{'collect_coal': 0.0, 'collect_diamond': 0.0, 'collect_drink': 2.45, 'collect_iron': 0.0, 'collect_sapling': 1.3, 'collect_stone': 0.0, 'collect_wood': 1.37, 'defeat_skeleton': 0.0, 'defeat_zombie': 0.01, 'eat_cow': 0.05, 'eat_plant': 0.0, 'make_iron_pickaxe': 0.0, 'make_iron_sword': 0.0, 'make_stone_pickaxe': 0.0, 'make_stone_sword': 0.0, 'make_wood_pickaxe': 0.1, 'make_wood_sword': 0.09, 'place_furnace': 0.0, 'place_plant': 1.04, 'place_stone': 0.0, 'place_table': 0.36, 'wake_up': 2.49}"
114688,3.9700000000000015,-0.25799999999999995,0.0,1.0,0.16560357393464073,nan,-2.5056797275319695,0.16560357393464073,2.6745967864990234,0.0050147520378232,"{'collect_coal': 0.0, 'collect_diamond': 0.0, 'collect_drink': 3.02, 'collect_iron': 0.0, 'collect_sapling': 1.38, 'collect_stone': 0.0, 'collect_wood': 1.48, 'defeat_skeleton': 0.0, 'defeat_zombie': 0.01, 'eat_cow': 0.05, 'eat_plant': 0.0, 'make_iron_pickaxe': 0.0, 'make_iron_sword': 0.0, 'make_stone_pickaxe': 0.0, 'make_stone_sword': 0.0, 'make_wood_pickaxe': 0.11, 'make_wood_sword': 0.1, 'place_furnace': 0.0, 'place_plant': 1.13, 'place_stone': 0.0, 'place_table': 0.4, 'wake_up': 2.51}"
122880,4.040000000000001,-0.26,0.0,1.0,0.13987691663205623,nan,-2.4846850350499152,0.13987691663205623,2.718431234359741,0.0048632435500621796,"{'collect_coal': 0.0, 'collect_diamond': 0.0, 'collect_drink': 3.72, 'collect_iron': 0.0, 'collect_sapling': 1.47, 'collect_stone': 0.0, 'collect_wood': 1.56, 'defeat_skeleton': 0.0, 'defeat_zombie': 0.01, 'eat_cow': 0.06, 'eat_plant': 0.0, 'make_iron_pickaxe': 0.0, 'make_iron_sword': 0.0, 'make_stone_pickaxe': 0.0, 'make_stone_sword': 0.0, 'make_wood_pickaxe': 0.13, 'make_wood_sword': 0.12, 'place_furnace': 0.0, 'place_plant': 1.22, 'place_stone': 0.0, 'place_table': 0.43, 'wake_up': 2.53}"
131072,4.060000000000001,-0.24100000000000002,0.0,1.0,0.1357582360302331,nan,-2.4555423609912395,0.1357582360302331,2.6772594451904297,0.006053173448890448,"{'collect_coal': 0.0, 'collect_diamond': 0.0, 'collect_drink': 4.32, 'collect_iron': 0.0, 'collect_sapling': 1.6, 'collect_stone': 0.0, 'collect_wood': 1.65, 'defeat_skeleton': 0.0, 'defeat_zombie': 0.01, 'eat_cow': 0.06, 'eat_plant': 0.0, 'make_iron_pickaxe': 0.0, 'make_iron_sword': 0.0, 'make_stone_pickaxe': 0.0, 'make_stone_sword': 0.0, 'make_wood_pickaxe': 0.14, 'make_wood_sword': 0.13, 'place_furnace': 0.0, 'place_plant': 1.33, 'place_stone': 0.0, 'place_table': 0.48, 'wake_up': 2.52}"
139264,3.990000000000001,-0.21000000000000005,0.0,1.0,0.1408087768650148,nan,-2.438526121340692,0.1408087768650148,2.678711414337158,0.01236453652381897,"{'collect_coal': 0.0, 'collect_diamond': 0.0, 'collect_drink': 5.49, 'collect_iron': 0.0, 'collect_sapling': 1.65, 'collect_stone': 0.0, 'collect_wood': 1.63, 'defeat_skeleton': 0.0, 'defeat_zombie': 0.02, 'eat_cow': 0.07, 'eat_plant': 0.0, 'make_iron_pickaxe': 0.0, 'make_iron_sword': 0.0, 'make_stone_pickaxe': 0.0, 'make_stone_sword': 0.0, 'make_wood_pickaxe': 0.14, 'make_wood_sword': 0.11, 'place_furnace': 0.0, 'place_plant': 1.38, 'place_stone': 0.0, 'place_table': 0.47, 'wake_up': 2.51}"
147456,3.930000000000001,-0.184,0.0,1.0,0.14921546944242436,nan,-2.390002854540944,0.14921546944242436,2.5535454750061035,0.011133610270917416,"{'collect_coal': 0.0, 'collect_diamond': 0.0, 'collect_drink': 5.97, 'collect_iron': 0.0, 'collect_sapling': 1.7, 'collect_stone': 0.02, 'collect_wood': 1.61, 'defeat_skeleton': 0.0, 'defeat_zombie': 0.02, 'eat_cow': 0.07, 'eat_plant': 0.0, 'make_iron_pickaxe': 0.0, 'make_iron_sword': 0.0, 'make_stone_pickaxe': 0.0, 'make_stone_sword': 0.0, 'make_wood_pickaxe': 0.13, 'make_wood_sword': 0.1, 'place_furnace': 0.0, 'place_plant': 1.44, 'place_stone': 0.01, 'place_table': 0.48, 'wake_up': 2.48}"
155648,3.9800000000000013,-0.185,0.0,1.0,0.14851580126851333,nan,-2.3437606969848277,0.14851580126851333,2.619216203689575,0.01083138957619667,"{'collect_coal': 0.0, 'collect_diamond': 0.0, 'collect_drink': 6.79, 'collect_iron': 0.0, 'collect_sapling': 1.75, 'collect_stone': 0.02, 'collect_wood': 1.73, 'defeat_skeleton': 0.0, 'defeat_zombie': 0.02, 'eat_cow': 0.06, 'eat_plant': 0.0, 'make_iron_pickaxe': 0.0, 'make_iron_sword': 0.0, 'make_stone_pickaxe': 0.0, 'make_stone_sword': 0.0, 'make_wood_pickaxe': 0.16, 'make_wood_sword': 0.11, 'place_furnace': 0.0, 'place_plant': 1.49, 'place_stone': 0.01, 'place_table': 0.54, 'wake_up': 2.5}"
163840,4.190000000000001,-0.19499999999999995,0.0,1.0,0.1430736839014571,nan,-2.343571276590228,0.1430736839014571,2.5527071952819824,0.01201294269412756,"{'collect_coal': 0.0, 'collect_diamond': 0.0, 'collect_drink': 7.46, 'collect_iron': 0.0, 'collect_sapling': 1.81, 'collect_stone': 0.02, 'collect_wood': 1.79, 'defeat_skeleton': 0.0, 'defeat_zombie': 0.02, 'eat_cow': 0.07, 'eat_plant': 0.0, 'make_iron_pickaxe': 0.0, 'make_iron_sword': 0.0, 'make_stone_pickaxe': 0.0, 'make_stone_sword': 0.0, 'make_wood_pickaxe': 0.17, 'make_wood_sword': 0.12, 'place_furnace': 0.0, 'place_plant': 1.55, 'place_stone': 0.01, 'place_table': 0.57, 'wake_up': 2.57}"
172032,4.120000000000002,-0.20900000000000002,0.0,1.0,0.11925441156781744,nan,-2.3138340851292014,0.11925441156781744,2.6405656337738037,0.010794316418468952,"{'collect_coal': 0.0, 'collect_diamond': 0.0, 'collect_drink': 7.9, 'collect_iron': 0.0, 'collect_sapling': 1.81, 'collect_stone': 0.02, 'collect_wood': 1.77, 'defeat_skeleton': 0.0, 'defeat_zombie': 0.01, 'eat_cow': 0.07, 'eat_plant': 0.0, 'make_iron_pickaxe': 0.0, 'make_iron_sword': 0.0, 'make_stone_pickaxe': 0.0, 'make_stone_sword': 0.0, 'make_wood_pickaxe': 0.17, 'make_wood_sword': 0.11, 'place_furnace': 0.0, 'place_plant': 1.56, 'place_stone': 0.01, 'place_table': 0.58, 'wake_up': 2.52}"
180224,4.370000000000002,-0.22200000000000003,0.0,1.0,0.1303566421789583,nan,-2.3118089405819773,0.1303566421789583,2.6859240531921387,0.009427124634385109,"{'collect_coal': 0.0, 'collect_diamond': 0.0, 'collect_drink': 8.22, 'collect_iron': 0.0, 'collect_sapling': 1.86, 'collect_stone': 0.02, 'collect_wood': 1.9, 'defeat_skeleton': 0.0, 'defeat_zombie': 0.01, 'eat_cow': 0.08, 'eat_plant': 0.0, 'make_iron_pickaxe': 0.0, 'make_iron_sword': 0.0, 'make_stone_pickaxe': 0.0, 'make_stone_sword': 0.0, 'make_wood_pickaxe': 0.2, 'make_wood_sword': 0.12, 'place_furnace': 0.0, 'place_plant': 1.63, 'place_stone': 0.01, 'place_table': 0.63, 'wake_up': 2.54}"
188416,4.540000000000002,-0.21600000000000005,0.0,1.0,0.14403757013205903,nan,-2.3014904454350473,0.14403757013205903,2.613236904144287,0.010295582935214043,"{'collect_coal': 0.0, 'collect_diamond': 0.0, 'collect_drink': 8.65, 'collect_iron': 0.0, 'collect_sapling': 1.85, 'collect_stone': 0.02, 'collect_wood': 1.75, 'defeat_skeleton': 0.0, 'defeat_zombie': 0.01, 'eat_cow': 0.08, 'eat_plant': 0.0, 'make_iron_pickaxe': 0.0, 'make_iron_sword': 0.0, 'make_stone_pickaxe': 0.0, 'make_stone_sword': 0.0, 'make_wood_pickaxe': 0.18, 'make_wood_sword': 0.11, 'place_furnace': 0.0, 'place_plant': 1.66, 'place_stone': 0.01, 'place_table': 0.6, 'wake_up': 2.52}"
196608,4.4700000000000015,-0.252,0.0,1.0,0.11597377888974733,nan,-2.238924993015826,0.11597377888974733,2.4527018070220947,0.017320821061730385,"{'collect_coal': 0.0, 'collect_diamond': 0.0, 'collect_drink': 9.02, 'collect_iron': 0.0, 'collect_sapling': 1.85, 'collect_stone': 0.02, 'collect_wood': 1.78, 'defeat_skeleton': 0.0, 'defeat_zombie': 0.01, 'eat_cow': 0.06, 'eat_plant': 0.0, 'make_iron_pickaxe': 0.0, 'make_iron_sword': 0.0, 'make_stone_pickaxe': 0.0, 'make_stone_sword': 0.0, 'make_wood_pickaxe': 0.18, 'make_wood_sword': 0.11, 'place_furnace': 0.0, 'place_plant': 1.64, 'place_stone': 0.01, 'place_table': 0.62, 'wake_up': 2.58}"
204800,4.3900000000000015,-0.22700000000000004,0.0,1.0,0.13401455374259968,nan,-2.2291566072031856,0.13401455374259968,2.4815673828125,0.011089246720075607,"{'collect_coal': 0.0, 'collect_diamond': 0.0, 'collect_drink': 8.58, 'collect_iron': 0.0, 'collect_sapling': 1.96, 'collect_stone': 0.02, 'collect_wood': 1.81, 'defeat_skeleton': 0.0, 'defeat_zombie': 0.02, 'eat_cow': 0.09, 'eat_plant': 0.0, 'make_iron_pickaxe': 0.0, 'make_iron_sword': 0.0, 'make_stone_pickaxe': 0.0, 'make_stone_sword': 0.0, 'make_wood_pickaxe': 0.17, 'make_wood_sword': 0.14, 'place_furnace': 0.0, 'place_plant': 1.73, 'place_stone': 0.01, 'place_table': 0.64, 'wake_up': 2.66}"
212992,4.420000000000002,-0.21400000000000002,0.0,1.0,0.1267519977176562,nan,-2.160731208510697,0.1267519977176562,2.474280834197998,0.020316198468208313,"{'collect_coal': 0.0, 'collect_diamond': 0.0, 'collect_drink': 8.51, 'collect_iron': 0.0, 'collect_sapling': 2.01, 'collect_stone': 0.02, 'collect_wood': 1.77, 'defeat_skeleton': 0.0, 'defeat_zombie': 0.03, 'eat_cow': 0.09, 'eat_plant': 0.0, 'make_iron_pickaxe': 0.0, 'make_iron_sword': 0.0, 'make_stone_pickaxe': 0.0, 'make_stone_sword': 0.0, 'make_wood_pickaxe': 0.19, 'make_wood_sword': 0.11, 'place_furnace': 0.0, 'place_plant': 1.79, 'place_stone': 0.01, 'place_table': 0.63, 'wake_up': 2.6}"
221184,4.510000000000002,-0.229,0.0,1.0,0.12595395761891268,nan,-2.1435520104132593,0.12595395761891268,2.4016635417938232,0.016949739307165146,"{'collect_coal': 0.0, 'collect_diamond': 0.0, 'collect_drink': 8.33, 'collect_iron': 0.0, 'collect_sapling': 1.92, 'collect_stone': 0.02, 'collect_wood': 1.86, 'defeat_skeleton': 0.0, 'defeat_zombie': 0.04, 'eat_cow': 0.11, 'eat_plant': 0.0, 'make_iron_pickaxe': 0.0, 'make_iron_sword': 0.0, 'make_stone_pickaxe': 0.0, 'make_stone_sword': 0.0, 'make_wood_pickaxe': 0.19, 'make_wood_sword': 0.11, 'place_furnace': 0.0, 'place_plant': 1.74, 'place_stone': 0.01, 'place_table': 0.68, 'wake_up': 2.56}"
229376,4.650000000000002,-0.22900000000000006,0.0,1.0,0.10163287814648356,nan,-2.0835815113969147,0.10163287814648356,2.440488338470459,0.023516051471233368,"{'collect_coal': 0.0, 'collect_diamond': 0.0, 'collect_drink': 7.78, 'collect_iron': 0.0, 'collect_sapling': 2.01, 'collect_stone': 0.02, 'collect_wood': 2.11, 'defeat_skeleton': 0.0, 'defeat_zombie': 0.05, 'eat_cow': 0.13, 'eat_plant': 0.0, 'make_iron_pickaxe': 0.0, 'make_iron_sword': 0.0, 'make_stone_pickaxe': 0.0, 'make_stone_sword': 0.0, 'make_wood_pickaxe': 0.21, 'make_wood_sword': 0.13, 'place_furnace': 0.0, 'place_plant': 1.83, 'place_stone': 0.01, 'place_table': 0.79, 'wake_up': 2.58}"
237568,4.780000000000001,-0.234,0.0,1.0,0.149289272131864,nan,-2.0865821124985815,0.149289272131864,2.4026122093200684,0.022895436733961105,"{'collect_coal': 0.0, 'collect_diamond': 0.0, 'collect_drink': 7.85, 'collect_iron': 0.0, 'collect_sapling': 2.01, 'collect_stone': 0.03, 'collect_wood': 2.27, 'defeat_skeleton': 0.0, 'defeat_zombie': 0.05, 'eat_cow': 0.13, 'eat_plant': 0.0, 'make_iron_pickaxe': 0.0, 'make_iron_sword': 0.0, 'make_stone_pickaxe': 0.0, 'make_stone_sword': 0.0, 'make_wood_pickaxe': 0.24, 'make_wood_sword': 0.14, 'place_furnace': 0.0, 'place_plant': 1.84, 'place_stone': 0.02, 'place_table': 0.85, 'wake_up': 2.56}"
245760,4.8900000000000015,-0.23,0.0,1.0,0.12188173990289215,nan,-2.055257634911686,0.12188173990289215,2.447814464569092,0.02089638076722622,"{'collect_coal': 0.0, 'collect_diamond': 0.0, 'collect_drink': 7.75, 'collect_iron': 0.0, 'collect_sapling': 2.05, 'collect_stone': 0.11, 'collect_wood': 2.41, 'defeat_skeleton': 0.0, 'defeat_zombie': 0.05, 'eat_cow': 0.14, 'eat_plant': 0.0, 'make_iron_pickaxe': 0.0, 'make_iron_sword': 0.0, 'make_stone_pickaxe': 0.0, 'make_stone_sword': 0.0, 'make_wood_pickaxe': 0.26, 'make_wood_sword': 0.16, 'place_furnace': 0.01, 'place_plant': 1.89, 'place_stone': 0.06, 'place_table': 0.89, 'wake_up': 2.5}"
253952,5.020000000000001,-0.20800000000000005,0.0,1.0,0.1141783425322501,nan,-2.048733403813094,0.1141783425322501,2.2829959392547607,0.02898375876247883,"{'collect_coal': 0.0, 'collect_diamond': 0.0, 'collect_drink': 7.34, 'collect_iron': 0.0, 'collect_sapling': 2.05, 'collect_stone': 0.11, 'collect_wood': 2.47, 'defeat_skeleton': 0.0, 'defeat_zombie': 0.05, 'eat_cow': 0.14, 'eat_plant': 0.0, 'make_iron_pickaxe': 0.0, 'make_iron_sword': 0.0, 'make_stone_pickaxe': 0.0, 'make_stone_sword': 0.0, 'make_wood_pickaxe': 0.28, 'make_wood_sword': 0.19, 'place_furnace': 0.01, 'place_plant': 1.89, 'place_stone': 0.06, 'place_table': 0.89, 'wake_up': 2.37}"
262144,4.920000000000001,-0.19400000000000003,0.0,1.0,0.13693772834085394,nan,-1.9999499001540244,0.13693772834085394,2.5924837589263916,0.023568401113152504,"{'collect_coal': 0.0, 'collect_diamond': 0.0, 'collect_drink': 7.1, 'collect_iron': 0.0, 'collect_sapling': 2.13, 'collect_stone': 0.11, 'collect_wood': 2.67, 'defeat_skeleton': 0.0, 'defeat_zombie': 0.05, 'eat_cow': 0.16, 'eat_plant': 0.0, 'make_iron_pickaxe': 0.0, 'make_iron_sword': 0.0, 'make_stone_pickaxe': 0.0, 'make_stone_sword': 0.0, 'make_wood_pickaxe': 0.35, 'make_wood_sword': 0.2, 'place_furnace': 0.01, 'place_plant': 1.97, 'place_stone': 0.06, 'place_table': 0.92, 'wake_up': 2.32}"
270336,4.820000000000002,-0.20400000000000001,0.0,1.0,0.1120146220579045,nan,-2.008250484056771,0.1120146220579045,2.314256191253662,0.029514407739043236,"{'collect_coal': 0.0, 'collect_diamond': 0.0, 'collect_drink': 6.78, 'collect_iron': 0.0, 'collect_sapling': 2.21, 'collect_stone': 0.11, 'collect_wood': 2.75, 'defeat_skeleton': 0.0, 'defeat_zombie': 0.05, 'eat_cow': 0.16, 'eat_plant': 0.0, 'make_iron_pickaxe': 0.0, 'make_iron_sword': 0.0, 'make_stone_pickaxe': 0.0, 'make_stone_sword': 0.0, 'make_wood_pickaxe': 0.35, 'make_wood_sword': 0.21, 'place_furnace': 0.01, 'place_plant': 2.04, 'place_stone': 0.06, 'place_table': 0.94, 'wake_up': 2.37}"
278528,4.910000000000002,-0.225,0.0,1.0,0.09922836296027526,nan,-1.9797025484964252,0.09922836296027526,2.293710470199585,0.03748679906129837,"{'collect_coal': 0.0, 'collect_diamond': 0.0, 'collect_drink': 6.64, 'collect_iron': 0.0, 'collect_sapling': 2.36, 'collect_stone': 0.13, 'collect_wood': 2.85, 'defeat_skeleton': 0.0, 'defeat_zombie': 0.05, 'eat_cow': 0.17, 'eat_plant': 0.0, 'make_iron_pickaxe': 0.0, 'make_iron_sword': 0.0, 'make_stone_pickaxe': 0.0, 'make_stone_sword': 0.0, 'make_wood_pickaxe': 0.34, 'make_wood_sword': 0.21, 'place_furnace': 0.01, 'place_plant': 2.15, 'place_stone': 0.06, 'place_table': 0.97, 'wake_up': 2.38}"
286720,4.8900000000000015,-0.218,0.0,1.0,0.09322120780707337,nan,-1.9735718333162366,0.09322120780707337,2.3015248775482178,0.04194939509034157,"{'collect_coal': 0.0, 'collect_diamond': 0.0, 'collect_drink': 6.26, 'collect_iron': 0.0, 'collect_sapling': 2.46, 'collect_stone': 0.15, 'collect_wood': 2.91, 'defeat_skeleton': 0.0, 'defeat_zombie': 0.05, 'eat_cow': 0.16, 'eat_plant': 0.0, 'make_iron_pickaxe': 0.0, 'make_iron_sword': 0.0, 'make_stone_pickaxe': 0.0, 'make_stone_sword': 0.0, 'make_wood_pickaxe': 0.37, 'make_wood_sword': 0.23, 'place_furnace': 0.01, 'place_plant': 2.26, 'place_stone': 0.07, 'place_table': 0.98, 'wake_up': 2.29}"
294912,5.090000000000001,-0.21400000000000002,0.0,1.0,0.11646952138107736,nan,-1.9700571884401143,0.11646952138107736,2.4707446098327637,0.031221723183989525,"{'collect_coal': 0.0, 'collect_diamond': 0.0, 'collect_drink': 6.3, 'collect_iron': 0.0, 'collect_sapling': 2.51, 'collect_stone': 0.15, 'collect_wood': 2.97, 'defeat_skeleton': 0.0, 'defeat_zombie': 0.05, 'eat_cow': 0.16, 'eat_plant': 0.0, 'make_iron_pickaxe': 0.0, 'make_iron_sword': 0.0, 'make_stone_pickaxe': 0.0, 'make_stone_sword': 0.0, 'make_wood_pickaxe': 0.4, 'make_wood_sword': 0.22, 'place_furnace': 0.01, 'place_plant': 2.31, 'place_stone': 0.07, 'place_table': 1.01, 'wake_up': 2.24}"
303104,5.110000000000001,-0.22000000000000003,0.0,1.0,0.10532171382510569,nan,-1.9683251764625311,0.10532171382510569,2.3685617446899414,0.023694870993494987,"{'collect_coal': 0.0, 'collect_diamond': 0.0, 'collect_drink': 6.36, 'collect_iron': 0.0, 'collect_sapling': 2.49, 'collect_stone': 0.2, 'collect_wood': 2.97, 'defeat_skeleton': 0.0, 'defeat_zombie': 0.05, 'eat_cow': 0.15, 'eat_plant': 0.0, 'make_iron_pickaxe': 0.0, 'make_iron_sword': 0.0, 'make_stone_pickaxe': 0.0, 'make_stone_sword': 0.0, 'make_wood_pickaxe': 0.39, 'make_wood_sword': 0.21, 'place_furnace': 0.02, 'place_plant': 2.29, 'place_stone': 0.08, 'place_table': 1.03, 'wake_up': 2.18}"
311296,5.240000000000001,-0.19699999999999998,0.0,1.0,0.08716791118204129,nan,-1.913765100762248,0.08716791118204129,2.364692211151123,0.025196749716997147,"{'collect_coal': 0.0, 'collect_diamond': 0.0, 'collect_drink': 5.74, 'collect_iron': 0.0, 'collect_sapling': 2.55, 'collect_stone': 0.2, 'collect_wood': 3.2, 'defeat_skeleton': 0.0, 'defeat_zombie': 0.04, 'eat_cow': 0.14, 'eat_plant': 0.0, 'make_iron_pickaxe': 0.0, 'make_iron_sword': 0.0, 'make_stone_pickaxe': 0.0, 'make_stone_sword': 0.0, 'make_wood_pickaxe': 0.41, 'make_wood_sword': 0.26, 'place_furnace': 0.02, 'place_plant': 2.37, 'place_stone': 0.08, 'place_table': 1.11, 'wake_up': 2.16}"
319488,5.210000000000001,-0.19700000000000006,0.0,1.0,0.10798357272869907,nan,-1.898157972190529,0.10798357272869907,2.213609218597412,0.030412551015615463,"{'collect_coal': 0.0, 'collect_diamond': 0.0, 'collect_drink': 5.77, 'collect_iron': 0.0, 'collect_sapling': 2.55, 'collect_stone': 0.2, 'collect_wood': 3.19, 'defeat_skeleton': 0.0, 'defeat_zombie': 0.02, 'eat_cow': 0.11, 'eat_plant': 0.0, 'make_iron_pickaxe': 0.0, 'make_iron_sword': 0.0, 'make_stone_pickaxe': 0.0, 'make_stone_sword': 0.0, 'make_wood_pickaxe': 0.43, 'make_wood_sword': 0.26, 'place_furnace': 0.02, 'place_plant': 2.36, 'place_stone': 0.08, 'place_table': 1.1, 'wake_up': 2.16}"
327680,5.360000000000001,-0.18700000000000003,0.0,1.0,0.10495618787244894,nan,-1.8908888812176883,0.10495618787244894,2.4251670837402344,0.0386355035007,"{'collect_coal': 0.0, 'collect_diamond': 0.0, 'collect_drink': 5.71, 'collect_iron': 0.0, 'collect_sapling': 2.58, 'collect_stone': 0.26, 'collect_wood': 3.23, 'defeat_skeleton': 0.0, 'defeat_zombie': 0.02, 'eat_cow': 0.11, 'eat_plant': 0.0, 'make_iron_pickaxe': 0.0, 'make_iron_sword': 0.0, 'make_stone_pickaxe': 0.0, 'make_stone_sword': 0.0, 'make_wood_pickaxe': 0.44, 'make_wood_sword': 0.32, 'place_furnace': 0.02, 'place_plant': 2.39, 'place_stone': 0.11, 'place_table': 1.07, 'wake_up': 2.13}"
335872,5.46,-0.185,0.0,1.0,0.09407520298555028,nan,-1.881383834220469,0.09407520298555028,2.335130214691162,0.02963678166270256,"{'collect_coal': 0.0, 'collect_diamond': 0.0, 'collect_drink': 5.54, 'collect_iron': 0.0, 'collect_sapling': 2.61, 'collect_stone': 0.15, 'collect_wood': 3.19, 'defeat_skeleton': 0.0, 'defeat_zombie': 0.02, 'eat_cow': 0.12, 'eat_plant': 0.0, 'make_iron_pickaxe': 0.0, 'make_iron_sword': 0.0, 'make_stone_pickaxe': 0.0, 'make_stone_sword': 0.0, 'make_wood_pickaxe': 0.42, 'make_wood_sword': 0.33, 'place_furnace': 0.01, 'place_plant': 2.41, 'place_stone': 0.05, 'place_table': 1.05, 'wake_up': 2.12}"
344064,5.400000000000001,-0.19800000000000004,0.0,1.0,0.09837623447820079,nan,-1.8438607161864637,0.09837623447820079,2.4652621746063232,0.028061622753739357,"{'collect_coal': 0.0, 'collect_diamond': 0.0, 'collect_drink': 5.79, 'collect_iron': 0.0, 'collect_sapling': 2.55, 'collect_stone': 0.16, 'collect_wood': 3.23, 'defeat_skeleton': 0.0, 'defeat_zombie': 0.03, 'eat_cow': 0.11, 'eat_plant': 0.0, 'make_iron_pickaxe': 0.0, 'make_iron_sword': 0.0, 'make_stone_pickaxe': 0.0, 'make_stone_sword': 0.0, 'make_wood_pickaxe': 0.45, 'make_wood_sword': 0.32, 'place_furnace': 0.01, 'place_plant': 2.38, 'place_stone': 0.05, 'place_table': 1.05, 'wake_up': 2.11}"
352256,5.540000000000001,-0.19500000000000003,0.0,1.0,0.09440239983523498,nan,-1.8644322292879223,0.09440239983523498,2.4259696006774902,0.023565448820590973,"{'collect_coal': 0.0, 'collect_diamond': 0.0, 'collect_drink': 5.85, 'collect_iron': 0.0, 'collect_sapling': 2.58, 'collect_stone': 0.18, 'collect_wood': 3.34, 'defeat_skeleton': 0.0, 'defeat_zombie': 0.03, 'eat_cow': 0.1, 'eat_plant': 0.0, 'make_iron_pickaxe': 0.0, 'make_iron_sword': 0.0, 'make_stone_pickaxe': 0.0, 'make_stone_sword': 0.0, 'make_wood_pickaxe': 0.47, 'make_wood_sword': 0.33, 'place_furnace': 0.01, 'place_plant': 2.4, 'place_stone': 0.07, 'place_table': 1.08, 'wake_up': 2.1}"
360448,5.670000000000001,-0.19500000000000003,0.0,1.0,0.09161076959862839,nan,-1.8876596983522176,0.09161076959862839,2.366734266281128,0.032051101326942444,"{'collect_coal': 0.0, 'collect_diamond': 0.0, 'collect_drink': 6.36, 'collect_iron': 0.0, 'collect_sapling': 2.57, 'collect_stone': 0.18, 'collect_wood': 3.29, 'defeat_skeleton': 0.0, 'defeat_zombie': 0.03, 'eat_cow': 0.09, 'eat_plant': 0.0, 'make_iron_pickaxe': 0.0, 'make_iron_sword': 0.0, 'make_stone_pickaxe': 0.0, 'make_stone_sword': 0.0, 'make_wood_pickaxe': 0.48, 'make_wood_sword': 0.35, 'place_furnace': 0.01, 'place_plant': 2.4, 'place_stone': 0.07, 'place_table': 1.06, 'wake_up': 2.11}"
368640,5.6400000000000015,-0.19,0.0,1.0,0.09395607740734704,nan,-1.8318370130844415,0.09395607740734704,2.455465078353882,0.02705487422645092,"{'collect_coal': 0.0, 'collect_diamond': 0.0, 'collect_drink': 6.37, 'collect_iron': 0.0, 'collect_sapling': 2.51, 'collect_stone': 0.23, 'collect_wood': 3.31, 'defeat_skeleton': 0.0, 'defeat_zombie': 0.03, 'eat_cow': 0.07, 'eat_plant': 0.0, 'make_iron_pickaxe': 0.0, 'make_iron_sword': 0.0, 'make_stone_pickaxe': 0.0, 'make_stone_sword': 0.0, 'make_wood_pickaxe': 0.48, 'make_wood_sword': 0.37, 'place_furnace': 0.01, 'place_plant': 2.33, 'place_stone': 0.12, 'place_table': 1.07, 'wake_up': 2.08}"
376832,5.650000000000001,-0.17999999999999997,0.0,1.0,0.0914885544567369,nan,-1.8453680269420147,0.0914885544567369,2.2895994186401367,0.021631315350532532,"{'collect_coal': 0.01, 'collect_diamond': 0.0, 'collect_drink': 6.64, 'collect_iron': 0.0, 'collect_sapling': 2.37, 'collect_stone': 0.23, 'collect_wood': 3.5, 'defeat_skeleton': 0.0, 'defeat_zombie': 0.03, 'eat_cow': 0.08, 'eat_plant': 0.0, 'make_iron_pickaxe': 0.0, 'make_iron_sword': 0.0, 'make_stone_pickaxe': 0.0, 'make_stone_sword': 0.0, 'make_wood_pickaxe': 0.54, 'make_wood_sword': 0.4, 'place_furnace': 0.01, 'place_plant': 2.22, 'place_stone': 0.13, 'place_table': 1.15, 'wake_up': 2.06}"
385024,5.630000000000001,-0.165,0.0,1.0,0.09379143270780332,nan,-1.8150104583241045,0.09379143270780332,2.283369779586792,0.024630000814795494,"{'collect_coal': 0.01, 'collect_diamond': 0.0, 'collect_drink': 6.74, 'collect_iron': 0.0, 'collect_sapling': 2.36, 'collect_stone': 0.22, 'collect_wood': 3.56, 'defeat_skeleton': 0.0, 'defeat_zombie': 0.03, 'eat_cow': 0.08, 'eat_plant': 0.0, 'make_iron_pickaxe': 0.0, 'make_iron_sword': 0.0, 'make_stone_pickaxe': 0.0, 'make_stone_sword': 0.0, 'make_wood_pickaxe': 0.53, 'make_wood_sword': 0.39, 'place_furnace': 0.01, 'place_plant': 2.21, 'place_stone': 0.12, 'place_table': 1.2, 'wake_up': 2.04}"
393216,5.6800000000000015,-0.18599999999999997,0.0,1.0,0.08910771085356828,nan,-1.7925191489979624,0.08910771085356828,2.1788110733032227,0.02913592755794525,"{'collect_coal': 0.01, 'collect_diamond': 0.0, 'collect_drink': 7.3, 'collect_iron': 0.0, 'collect_sapling': 2.32, 'collect_stone': 0.22, 'collect_wood': 3.59, 'defeat_skeleton': 0.0, 'defeat_zombie': 0.02, 'eat_cow': 0.06, 'eat_plant': 0.0, 'make_iron_pickaxe': 0.0, 'make_iron_sword': 0.0, 'make_stone_pickaxe': 0.0, 'make_stone_sword': 0.0, 'make_wood_pickaxe': 0.55, 'make_wood_sword': 0.38, 'place_furnace': 0.01, 'place_plant': 2.14, 'place_stone': 0.12, 'place_table': 1.21, 'wake_up': 1.99}"
401408,5.810000000000001,-0.17000000000000004,0.0,1.0,0.09195567416027188,nan,-1.7659226922318338,0.09195567416027188,2.4767422676086426,0.019959572702646255,"{'collect_coal': 0.02, 'collect_diamond': 0.0, 'collect_drink': 7.78, 'collect_iron': 0.0, 'collect_sapling': 2.33, 'collect_stone': 0.27, 'collect_wood': 3.64, 'defeat_skeleton': 0.0, 'defeat_zombie': 0.02, 'eat_cow': 0.07, 'eat_plant': 0.0, 'make_iron_pickaxe': 0.0, 'make_iron_sword': 0.0, 'make_stone_pickaxe': 0.0, 'make_stone_sword': 0.0, 'make_wood_pickaxe': 0.57, 'make_wood_sword': 0.39, 'place_furnace': 0.0, 'place_plant': 2.16, 'place_stone': 0.12, 'place_table': 1.21, 'wake_up': 1.99}"
409600,5.770000000000001,-0.18199999999999997,0.0,1.0,0.08731546350754797,nan,-1.768947818968445,0.08731546350754797,2.348177433013916,0.018298491835594177,"{'collect_coal': 0.03, 'collect_diamond': 0.0, 'collect_drink': 8.02, 'collect_iron': 0.0, 'collect_sapling': 2.32, 'collect_stone': 0.41, 'collect_wood': 3.68, 'defeat_skeleton': 0.0, 'defeat_zombie': 0.02, 'eat_cow': 0.08, 'eat_plant': 0.0, 'make_iron_pickaxe': 0.0, 'make_iron_sword': 0.0, 'make_stone_pickaxe': 0.0, 'make_stone_sword': 0.0, 'make_wood_pickaxe': 0.61, 'make_wood_sword': 0.38, 'place_furnace': 0.0, 'place_plant': 2.12, 'place_stone': 0.2, 'place_table': 1.2, 'wake_up': 2.0}"
417792,5.8,-0.199,0.0,1.0,0.08256697000761051,nan,-1.7530059615150093,0.08256697000761051,2.271880626678467,0.030338719487190247,"{'collect_coal': 0.03, 'collect_diamond': 0.0, 'collect_drink': 9.19, 'collect_iron': 0.0, 'collect_sapling': 2.38, 'collect_stone': 0.41, 'collect_wood': 3.59, 'defeat_skeleton': 0.0, 'defeat_zombie': 0.04, 'eat_cow': 0.1, 'eat_plant': 0.0, 'make_iron_pickaxe': 0.0, 'make_iron_sword': 0.0, 'make_stone_pickaxe': 0.0, 'make_stone_sword': 0.0, 'make_wood_pickaxe': 0.61, 'make_wood_sword': 0.4, 'place_furnace': 0.0, 'place_plant': 2.13, 'place_stone': 0.2, 'place_table': 1.16, 'wake_up': 1.94}"
425984,5.870000000000001,-0.19100000000000006,0.0,1.0,0.09429396607156378,nan,-1.7196685529313982,0.09429396607156378,2.289714813232422,0.022296059876680374,"{'collect_coal': 0.04, 'collect_diamond': 0.0, 'collect_drink': 9.59, 'collect_iron': 0.0, 'collect_sapling': 2.36, 'collect_stone': 0.39, 'collect_wood': 3.67, 'defeat_skeleton': 0.0, 'defeat_zombie': 0.03, 'eat_cow': 0.09, 'eat_plant': 0.0, 'make_iron_pickaxe': 0.0, 'make_iron_sword': 0.0, 'make_stone_pickaxe': 0.0, 'make_stone_sword': 0.0, 'make_wood_pickaxe': 0.64, 'make_wood_sword': 0.37, 'place_furnace': 0.01, 'place_plant': 2.12, 'place_stone': 0.17, 'place_table': 1.19, 'wake_up': 1.91}"
434176,5.6800000000000015,-0.16099999999999998,0.0,1.0,0.09278601959522348,nan,-1.7511673191562296,0.09278601959522348,2.1763129234313965,0.0184191707521677,"{'collect_coal': 0.04, 'collect_diamond': 0.0, 'collect_drink': 9.89, 'collect_iron': 0.0, 'collect_sapling': 2.37, 'collect_stone': 0.39, 'collect_wood': 3.68, 'defeat_skeleton': 0.0, 'defeat_zombie': 0.03, 'eat_cow': 0.11, 'eat_plant': 0.0, 'make_iron_pickaxe': 0.0, 'make_iron_sword': 0.0, 'make_stone_pickaxe': 0.0, 'make_stone_sword': 0.0, 'make_wood_pickaxe': 0.63, 'make_wood_sword': 0.4, 'place_furnace': 0.01, 'place_plant': 2.1, 'place_stone': 0.17, 'place_table': 1.18, 'wake_up': 1.88}"
442368,5.620000000000001,-0.13099999999999998,0.0,1.0,0.0941305501270108,nan,-1.705315704550594,0.0941305501270108,2.3961799144744873,0.03922070190310478,"{'collect_coal': 0.04, 'collect_diamond': 0.0, 'collect_drink': 10.01, 'collect_iron': 0.0, 'collect_sapling': 2.35, 'collect_stone': 0.43, 'collect_wood': 3.7, 'defeat_skeleton': 0.0, 'defeat_zombie': 0.04, 'eat_cow': 0.11, 'eat_plant': 0.0, 'make_iron_pickaxe': 0.0, 'make_iron_sword': 0.0, 'make_stone_pickaxe': 0.0, 'make_stone_sword': 0.0, 'make_wood_pickaxe': 0.66, 'make_wood_sword': 0.38, 'place_furnace': 0.01, 'place_plant': 2.09, 'place_stone': 0.18, 'place_table': 1.19, 'wake_up': 1.85}"
450560,5.630000000000001,-0.13299999999999998,0.0,1.0,0.09595799825910944,nan,-1.7048553289845585,0.09595799825910944,2.2410974502563477,0.020886648446321487,"{'collect_coal': 0.04, 'collect_diamond': 0.0, 'collect_drink': 10.21, 'collect_iron': 0.0, 'collect_sapling': 2.33, 'collect_stone': 0.49, 'collect_wood': 3.74, 'defeat_skeleton': 0.0, 'defeat_zombie': 0.03, 'eat_cow': 0.11, 'eat_plant': 0.0, 'make_iron_pickaxe': 0.0, 'make_iron_sword': 0.0, 'make_stone_pickaxe': 0.0, 'make_stone_sword': 0.0, 'make_wood_pickaxe': 0.67, 'make_wood_sword': 0.38, 'place_furnace': 0.01, 'place_plant': 2.05, 'place_stone': 0.22, 'place_table': 1.21, 'wake_up': 1.8}"
458752,5.730000000000001,-0.175,0.0,1.0,0.0814984920201823,nan,-1.7091015577316284,0.0814984920201823,2.2809982299804688,0.02412238158285618,"{'collect_coal': 0.04, 'collect_diamond': 0.0, 'collect_drink': 10.44, 'collect_iron': 0.0, 'collect_sapling': 2.31, 'collect_stone': 0.51, 'collect_wood': 3.83, 'defeat_skeleton': 0.0, 'defeat_zombie': 0.03, 'eat_cow': 0.13, 'eat_plant': 0.0, 'make_iron_pickaxe': 0.0, 'make_iron_sword': 0.0, 'make_stone_pickaxe': 0.0, 'make_stone_sword': 0.0, 'make_wood_pickaxe': 0.7, 'make_wood_sword': 0.35, 'place_furnace': 0.01, 'place_plant': 2.05, 'place_stone': 0.22, 'place_table': 1.25, 'wake_up': 1.76}"
466944,5.800000000000001,-0.18300000000000005,0.0,1.0,0.08166237258992623,nan,-1.6905930527485906,0.08166237258992623,2.327211380004883,0.024728160351514816,"{'collect_coal': 0.04, 'collect_diamond': 0.0, 'collect_drink': 10.19, 'collect_iron': 0.0, 'collect_sapling': 2.25, 'collect_stone': 0.56, 'collect_wood': 4.02, 'defeat_skeleton': 0.0, 'defeat_zombie': 0.03, 'eat_cow': 0.13, 'eat_plant': 0.0, 'make_iron_pickaxe': 0.0, 'make_iron_sword': 0.0, 'make_stone_pickaxe': 0.0, 'make_stone_sword': 0.0, 'make_wood_pickaxe': 0.78, 'make_wood_sword': 0.35, 'place_furnace': 0.01, 'place_plant': 1.99, 'place_stone': 0.25, 'place_table': 1.3, 'wake_up': 1.73}"
475136,5.75,-0.18099999999999997,0.0,1.0,0.09938368747680215,nan,-1.6890012454241514,0.09938368747680215,2.2282016277313232,0.02934356778860092,"{'collect_coal': 0.04, 'collect_diamond': 0.0, 'collect_drink': 10.45, 'collect_iron': 0.0, 'collect_sapling': 2.19, 'collect_stone': 0.53, 'collect_wood': 4.03, 'defeat_skeleton': 0.0, 'defeat_zombie': 0.03, 'eat_cow': 0.11, 'eat_plant': 0.0, 'make_iron_pickaxe': 0.0, 'make_iron_sword': 0.0, 'make_stone_pickaxe': 0.0, 'make_stone_sword': 0.0, 'make_wood_pickaxe': 0.74, 'make_wood_sword': 0.35, 'place_furnace': 0.01, 'place_plant': 1.93, 'place_stone': 0.2, 'place_table': 1.32, 'wake_up': 1.65}"
483328,5.770000000000001,-0.19099999999999998,0.0,1.0,0.0848320233024424,nan,-1.6727875710465014,0.0848320233024424,2.5170326232910156,0.028379999101161957,"{'collect_coal': 0.03, 'collect_diamond': 0.0, 'collect_drink': 10.1, 'collect_iron': 0.0, 'collect_sapling': 2.15, 'collect_stone': 0.53, 'collect_wood': 4.07, 'defeat_skeleton': 0.0, 'defeat_zombie': 0.03, 'eat_cow': 0.1, 'eat_plant': 0.0, 'make_iron_pickaxe': 0.0, 'make_iron_sword': 0.0, 'make_stone_pickaxe': 0.0, 'make_stone_sword': 0.0, 'make_wood_pickaxe': 0.8, 'make_wood_sword': 0.33, 'place_furnace': 0.01, 'place_plant': 1.91, 'place_stone': 0.19, 'place_table': 1.3, 'wake_up': 1.61}"
491520,5.800000000000001,-0.198,0.0,1.0,0.07276270484435372,nan,-1.6754629579372704,0.07276270484435372,2.3566360473632812,0.028228364884853363,"{'collect_coal': 0.03, 'collect_diamond': 0.0, 'collect_drink': 10.21, 'collect_iron': 0.0, 'collect_sapling': 2.1, 'collect_stone': 0.58, 'collect_wood': 4.19, 'defeat_skeleton': 0.0, 'defeat_zombie': 0.03, 'eat_cow': 0.1, 'eat_plant': 0.0, 'make_iron_pickaxe': 0.0, 'make_iron_sword': 0.0, 'make_stone_pickaxe': 0.0, 'make_stone_sword': 0.0, 'make_wood_pickaxe': 0.81, 'make_wood_sword': 0.38, 'place_furnace': 0.01, 'place_plant': 1.88, 'place_stone': 0.21, 'place_table': 1.32, 'wake_up': 1.58}"
499712,5.940000000000001,-0.198,0.0,1.0,0.07391334881103831,nan,-1.7037815277464687,0.07391334881103831,2.2852516174316406,0.03032100573182106,"{'collect_coal': 0.04, 'collect_diamond': 0.0, 'collect_drink': 9.79, 'collect_iron': 0.0, 'collect_sapling': 2.01, 'collect_stone': 0.58, 'collect_wood': 4.27, 'defeat_skeleton': 0.0, 'defeat_zombie': 0.03, 'eat_cow': 0.11, 'eat_plant': 0.0, 'make_iron_pickaxe': 0.0, 'make_iron_sword': 0.0, 'make_stone_pickaxe': 0.0, 'make_stone_sword': 0.0, 'make_wood_pickaxe': 0.83, 'make_wood_sword': 0.4, 'place_furnace': 0.01, 'place_plant': 1.81, 'place_stone': 0.27, 'place_table': 1.33, 'wake_up': 1.59}"
507904,6.000000000000001,-0.193,0.0,1.0,0.08821240289253182,nan,-1.642032836098224,0.08821240289253182,2.288865566253662,0.03402864933013916,"{'collect_coal': 0.03, 'collect_diamond': 0.0, 'collect_drink': 10.01, 'collect_iron': 0.0, 'collect_sapling': 1.99, 'collect_stone': 0.5, 'collect_wood': 4.31, 'defeat_skeleton': 0.0, 'defeat_zombie': 0.03, 'eat_cow': 0.11, 'eat_plant': 0.0, 'make_iron_pickaxe': 0.0, 'make_iron_sword': 0.0, 'make_stone_pickaxe': 0.0, 'make_stone_sword': 0.0, 'make_wood_pickaxe': 0.85, 'make_wood_sword': 0.42, 'place_furnace': 0.01, 'place_plant': 1.78, 'place_stone': 0.2, 'place_table': 1.34, 'wake_up': 1.53}"
516096,6.05,-0.17700000000000007,0.0,1.0,0.08292842575610848,nan,-1.6144469120539724,0.08292842575610848,2.3404269218444824,0.028614481911063194,"{'collect_coal': 0.03, 'collect_diamond': 0.0, 'collect_drink': 9.24, 'collect_iron': 0.0, 'collect_sapling': 1.94, 'collect_stone': 0.54, 'collect_wood': 4.45, 'defeat_skeleton': 0.0, 'defeat_zombie': 0.01, 'eat_cow': 0.08, 'eat_plant': 0.0, 'make_iron_pickaxe': 0.0, 'make_iron_sword': 0.0, 'make_stone_pickaxe': 0.0, 'make_stone_sword': 0.0, 'make_wood_pickaxe': 0.92, 'make_wood_sword': 0.39, 'place_furnace': 0.01, 'place_plant': 1.76, 'place_stone': 0.23, 'place_table': 1.38, 'wake_up': 1.52}"
524288,5.9700000000000015,-0.15699999999999997,0.0,1.0,0.07460494816914434,nan,-1.6621144237928092,0.07460494816914434,1.947021722793579,0.04122689366340637,"{'collect_coal': 0.02, 'collect_diamond': 0.0, 'collect_drink': 9.05, 'collect_iron': 0.0, 'collect_sapling': 1.83, 'collect_stone': 0.57, 'collect_wood': 4.54, 'defeat_skeleton': 0.0, 'defeat_zombie': 0.01, 'eat_cow': 0.07, 'eat_plant': 0.0, 'make_iron_pickaxe': 0.0, 'make_iron_sword': 0.0, 'make_stone_pickaxe': 0.0, 'make_stone_sword': 0.0, 'make_wood_pickaxe': 0.98, 'make_wood_sword': 0.38, 'place_furnace': 0.0, 'place_plant': 1.66, 'place_stone': 0.27, 'place_table': 1.41, 'wake_up': 1.5}"
532480,6.060000000000001,-0.16699999999999998,0.0,1.0,0.09272253575909417,nan,-1.605872217658907,0.09272253575909417,2.1642186641693115,0.034542933106422424,"{'collect_coal': 0.03, 'collect_diamond': 0.0, 'collect_drink': 8.94, 'collect_iron': 0.0, 'collect_sapling': 1.78, 'collect_stone': 0.83, 'collect_wood': 4.64, 'defeat_skeleton': 0.0, 'defeat_zombie': 0.01, 'eat_cow': 0.06, 'eat_plant': 0.0, 'make_iron_pickaxe': 0.0, 'make_iron_sword': 0.0, 'make_stone_pickaxe': 0.0, 'make_stone_sword': 0.0, 'make_wood_pickaxe': 1.1, 'make_wood_sword': 0.33, 'place_furnace': 0.0, 'place_plant': 1.63, 'place_stone': 0.43, 'place_table': 1.44, 'wake_up': 1.49}"
540672,6.04,-0.17399999999999996,0.0,1.0,0.08512115834455472,nan,-1.5980447094887495,0.08512115834455472,2.233710765838623,0.04346594586968422,"{'collect_coal': 0.03, 'collect_diamond': 0.0, 'collect_drink': 8.68, 'collect_iron': 0.0, 'collect_sapling': 1.87, 'collect_stone': 0.8, 'collect_wood': 4.67, 'defeat_skeleton': 0.0, 'defeat_zombie': 0.0, 'eat_cow': 0.05, 'eat_plant': 0.0, 'make_iron_pickaxe': 0.0, 'make_iron_sword': 0.0, 'make_stone_pickaxe': 0.0, 'make_stone_sword': 0.0, 'make_wood_pickaxe': 1.12, 'make_wood_sword': 0.36, 'place_furnace': 0.0, 'place_plant': 1.69, 'place_stone': 0.43, 'place_table': 1.44, 'wake_up': 1.45}"
548864,6.04,-0.166,0.0,1.0,0.08508360311971046,nan,-1.606763537414372,0.08508360311971046,2.156721591949463,0.03646816685795784,"{'collect_coal': 0.03, 'collect_diamond': 0.0, 'collect_drink': 9.23, 'collect_iron': 0.0, 'collect_sapling': 1.83, 'collect_stone': 0.76, 'collect_wood': 4.67, 'defeat_skeleton': 0.0, 'defeat_zombie': 0.02, 'eat_cow': 0.05, 'eat_plant': 0.0, 'make_iron_pickaxe': 0.0, 'make_iron_sword': 0.0, 'make_stone_pickaxe': 0.0, 'make_stone_sword': 0.0, 'make_wood_pickaxe': 1.13, 'make_wood_sword': 0.35, 'place_furnace': 0.0, 'place_plant': 1.65, 'place_stone': 0.4, 'place_table': 1.45, 'wake_up': 1.45}"
557056,5.97,-0.16400000000000003,0.0,1.0,0.07744907138549025,nan,-1.6233474624343216,0.07744907138549025,2.105612277984619,0.049442023038864136,"{'collect_coal': 0.03, 'collect_diamond': 0.0, 'collect_drink': 9.95, 'collect_iron': 0.0, 'collect_sapling': 1.84, 'collect_stone': 0.82, 'collect_wood': 4.64, 'defeat_skeleton': 0.0, 'defeat_zombie': 0.02, 'eat_cow': 0.04, 'eat_plant': 0.0, 'make_iron_pickaxe': 0.0, 'make_iron_sword': 0.0, 'make_stone_pickaxe': 0.0, 'make_stone_sword': 0.0, 'make_wood_pickaxe': 1.12, 'make_wood_sword': 0.32, 'place_furnace': 0.0, 'place_plant': 1.66, 'place_stone': 0.45, 'place_table': 1.46, 'wake_up': 1.4}"
565248,6.1,-0.163,0.0,1.0,0.07233652795548551,nan,-1.559361320361495,0.07233652795548551,2.317626953125,0.04298827052116394,"{'collect_coal': 0.03, 'collect_diamond': 0.0, 'collect_drink': 10.12, 'collect_iron': 0.0, 'collect_sapling': 1.85, 'collect_stone': 0.88, 'collect_wood': 4.57, 'defeat_skeleton': 0.0, 'defeat_zombie': 0.02, 'eat_cow': 0.03, 'eat_plant': 0.0, 'make_iron_pickaxe': 0.0, 'make_iron_sword': 0.0, 'make_stone_pickaxe': 0.0, 'make_stone_sword': 0.0, 'make_wood_pickaxe': 1.1, 'make_wood_sword': 0.33, 'place_furnace': 0.0, 'place_plant': 1.62, 'place_stone': 0.48, 'place_table': 1.43, 'wake_up': 1.39}"
573440,6.17,-0.16599999999999998,0.0,1.0,0.0966824722243473,nan,-1.5278760224580765,0.0966824722243473,1.8292219638824463,0.06377366930246353,"{'collect_coal': 0.04, 'collect_diamond': 0.0, 'collect_drink': 10.76, 'collect_iron': 0.0, 'collect_sapling': 1.93, 'collect_stone': 1.0, 'collect_wood': 4.49, 'defeat_skeleton': 0.0, 'defeat_zombie': 0.03, 'eat_cow': 0.03, 'eat_plant': 0.0, 'make_iron_pickaxe': 0.0, 'make_iron_sword': 0.0, 'make_stone_pickaxe': 0.0, 'make_stone_sword': 0.0, 'make_wood_pickaxe': 1.12, 'make_wood_sword': 0.31, 'place_furnace': 0.0, 'place_plant': 1.68, 'place_stone': 0.57, 'place_table': 1.39, 'wake_up': 1.35}"
581632,6.14,-0.17200000000000004,0.0,1.0,0.08055261296976823,nan,-1.542403583228588,0.08055261296976823,2.1741366386413574,0.06700190156698227,"{'collect_coal': 0.04, 'collect_diamond': 0.0, 'collect_drink': 11.74, 'collect_iron': 0.0, 'collect_sapling': 1.99, 'collect_stone': 1.04, 'collect_wood': 4.48, 'defeat_skeleton': 0.0, 'defeat_zombie': 0.03, 'eat_cow': 0.04, 'eat_plant': 0.0, 'make_iron_pickaxe': 0.0, 'make_iron_sword': 0.0, 'make_stone_pickaxe': 0.0, 'make_stone_sword': 0.0, 'make_wood_pickaxe': 1.11, 'make_wood_sword': 0.3, 'place_furnace': 0.0, 'place_plant': 1.73, 'place_stone': 0.6, 'place_table': 1.4, 'wake_up': 1.32}"
589824,6.21,-0.162,0.0,1.0,0.0903227698392584,nan,-1.5368618779815733,0.0903227698392584,2.273374319076538,0.039439909160137177,"{'collect_coal': 0.04, 'collect_diamond': 0.0, 'collect_drink': 11.66, 'collect_iron': 0.0, 'collect_sapling': 2.04, 'collect_stone': 1.03, 'collect_wood': 4.44, 'defeat_skeleton': 0.0, 'defeat_zombie': 0.03, 'eat_cow': 0.05, 'eat_plant': 0.0, 'make_iron_pickaxe': 0.0, 'make_iron_sword': 0.0, 'make_stone_pickaxe': 0.0, 'make_stone_sword': 0.0, 'make_wood_pickaxe': 1.08, 'make_wood_sword': 0.29, 'place_furnace': 0.0, 'place_plant': 1.72, 'place_stone': 0.59, 'place_table': 1.41, 'wake_up': 1.32}"
598016,6.21,-0.16599999999999998,0.0,1.0,0.08847059649269795,nan,-1.5320789756253361,0.08847059649269795,1.885512351989746,0.057837650179862976,"{'collect_coal': 0.03, 'collect_diamond': 0.0, 'collect_drink': 12.19, 'collect_iron': 0.0, 'collect_sapling': 2.14, 'collect_stone': 0.99, 'collect_wood': 4.31, 'defeat_skeleton': 0.0, 'defeat_zombie': 0.03, 'eat_cow': 0.05, 'eat_plant': 0.0, 'make_iron_pickaxe': 0.0, 'make_iron_sword': 0.0, 'make_stone_pickaxe': 0.0, 'make_stone_sword': 0.0, 'make_wood_pickaxe': 1.07, 'make_wood_sword': 0.25, 'place_furnace': 0.0, 'place_plant': 1.79, 'place_stone': 0.55, 'place_table': 1.37, 'wake_up': 1.3}"
606208,6.08,-0.17800000000000002,0.0,1.0,0.06571524369646795,nan,-1.4901910146698356,0.06571524369646795,2.1040267944335938,0.04758729413151741,"{'collect_coal': 0.02, 'collect_diamond': 0.0, 'collect_drink': 12.64, 'collect_iron': 0.0, 'collect_sapling': 2.23, 'collect_stone': 0.95, 'collect_wood': 4.23, 'defeat_skeleton': 0.0, 'defeat_zombie': 0.03, 'eat_cow': 0.04, 'eat_plant': 0.0, 'make_iron_pickaxe': 0.0, 'make_iron_sword': 0.0, 'make_stone_pickaxe': 0.0, 'make_stone_sword': 0.0, 'make_wood_pickaxe': 1.03, 'make_wood_sword': 0.21, 'place_furnace': 0.0, 'place_plant': 1.87, 'place_stone': 0.55, 'place_table': 1.36, 'wake_up': 1.29}"
614400,6.37,-0.16099999999999998,0.0,1.0,0.08318827151233563,nan,-1.4986418011598288,0.08318827151233563,2.0840277671813965,0.04092317074537277,"{'collect_coal': 0.02, 'collect_diamond': 0.0, 'collect_drink': 12.69, 'collect_iron': 0.0, 'collect_sapling': 2.24, 'collect_stone': 1.13, 'collect_wood': 4.23, 'defeat_skeleton': 0.0, 'defeat_zombie': 0.03, 'eat_cow': 0.04, 'eat_plant': 0.0, 'make_iron_pickaxe': 0.0, 'make_iron_sword': 0.0, 'make_stone_pickaxe': 0.0, 'make_stone_sword': 0.0, 'make_wood_pickaxe': 1.07, 'make_wood_sword': 0.2, 'place_furnace': 0.01, 'place_plant': 1.9, 'place_stone': 0.68, 'place_table': 1.35, 'wake_up': 1.27}"
622592,6.59,-0.163,0.0,1.0,0.0785002867152798,nan,-1.51784573700279,0.0785002867152798,1.9717475175857544,0.059802837669849396,"{'collect_coal': 0.02, 'collect_diamond': 0.0, 'collect_drink': 12.67, 'collect_iron': 0.0, 'collect_sapling': 2.31, 'collect_stone': 1.23, 'collect_wood': 4.19, 'defeat_skeleton': 0.0, 'defeat_zombie': 0.03, 'eat_cow': 0.06, 'eat_plant': 0.0, 'make_iron_pickaxe': 0.0, 'make_iron_sword': 0.0, 'make_stone_pickaxe': 0.0, 'make_stone_sword': 0.0, 'make_wood_pickaxe': 1.05, 'make_wood_sword': 0.23, 'place_furnace': 0.01, 'place_plant': 1.97, 'place_stone': 0.76, 'place_table': 1.32, 'wake_up': 1.28}"
630784,6.69,-0.16699999999999998,0.0,1.0,0.08772420742898249,nan,-1.5361387350596487,0.08772420742898249,1.9782671928405762,0.0455123633146286,"{'collect_coal': 0.02, 'collect_diamond': 0.0, 'collect_drink': 12.67, 'collect_iron': 0.0, 'collect_sapling': 2.38, 'collect_stone': 1.22, 'collect_wood': 4.13, 'defeat_skeleton': 0.0, 'defeat_zombie': 0.04, 'eat_cow': 0.07, 'eat_plant': 0.0, 'make_iron_pickaxe': 0.0, 'make_iron_sword': 0.0, 'make_stone_pickaxe': 0.0, 'make_stone_sword': 0.0, 'make_wood_pickaxe': 1.01, 'make_wood_sword': 0.25, 'place_furnace': 0.01, 'place_plant': 1.98, 'place_stone': 0.76, 'place_table': 1.29, 'wake_up': 1.27}"
638976,6.53,-0.18899999999999997,0.0,1.0,0.08989609217387624,nan,-1.470281112100929,0.08989609217387624,1.9510761499404907,0.05272612348198891,"{'collect_coal': 0.04, 'collect_diamond': 0.0, 'collect_drink': 12.83, 'collect_iron': 0.0, 'collect_sapling': 2.48, 'collect_stone': 1.2, 'collect_wood': 4.14, 'defeat_skeleton': 0.0, 'defeat_zombie': 0.04, 'eat_cow': 0.06, 'eat_plant': 0.0, 'make_iron_pickaxe': 0.0, 'make_iron_sword': 0.0, 'make_stone_pickaxe': 0.0, 'make_stone_sword': 0.0, 'make_wood_pickaxe': 1.0, 'make_wood_sword': 0.26, 'place_furnace': 0.01, 'place_plant': 2.04, 'place_stone': 0.76, 'place_table': 1.28, 'wake_up': 1.28}"
647168,6.47,-0.18100000000000002,0.0,1.0,0.08396865121467272,nan,-1.4415109327062965,0.08396865121467272,2.018589496612549,0.05207715183496475,"{'collect_coal': 0.05, 'collect_diamond': 0.0, 'collect_drink': 12.39, 'collect_iron': 0.0, 'collect_sapling': 2.41, 'collect_stone': 1.27, 'collect_wood': 4.16, 'defeat_skeleton': 0.0, 'defeat_zombie': 0.03, 'eat_cow': 0.06, 'eat_plant': 0.0, 'make_iron_pickaxe': 0.0, 'make_iron_sword': 0.0, 'make_stone_pickaxe': 0.0, 'make_stone_sword': 0.0, 'make_wood_pickaxe': 1.02, 'make_wood_sword': 0.28, 'place_furnace': 0.01, 'place_plant': 2.0, 'place_stone': 0.81, 'place_table': 1.27, 'wake_up': 1.31}"
655360,6.48,-0.18600000000000003,0.0,1.0,0.09999566592014161,nan,-1.4795988257043065,0.09999566592014161,1.7758411169052124,0.04017224162817001,"{'collect_coal': 0.05, 'collect_diamond': 0.0, 'collect_drink': 12.11, 'collect_iron': 0.0, 'collect_sapling': 2.43, 'collect_stone': 1.43, 'collect_wood': 4.14, 'defeat_skeleton': 0.0, 'defeat_zombie': 0.02, 'eat_cow': 0.08, 'eat_plant': 0.0, 'make_iron_pickaxe': 0.0, 'make_iron_sword': 0.0, 'make_stone_pickaxe': 0.0, 'make_stone_sword': 0.0, 'make_wood_pickaxe': 0.99, 'make_wood_sword': 0.32, 'place_furnace': 0.01, 'place_plant': 2.05, 'place_stone': 0.93, 'place_table': 1.25, 'wake_up': 1.34}"
663552,6.52,-0.185,0.0,1.0,0.07942627373122377,nan,-1.4863704572431744,0.07942627373122377,1.8570752143859863,0.054742831736803055,"{'collect_coal': 0.05, 'collect_diamond': 0.0, 'collect_drink': 11.61, 'collect_iron': 0.0, 'collect_sapling': 2.43, 'collect_stone': 1.7, 'collect_wood': 4.15, 'defeat_skeleton': 0.0, 'defeat_zombie': 0.02, 'eat_cow': 0.12, 'eat_plant': 0.0, 'make_iron_pickaxe': 0.0, 'make_iron_sword': 0.0, 'make_stone_pickaxe': 0.0, 'make_stone_sword': 0.0, 'make_wood_pickaxe': 0.96, 'make_wood_sword': 0.35, 'place_furnace': 0.02, 'place_plant': 2.04, 'place_stone': 1.14, 'place_table': 1.25, 'wake_up': 1.35}"
671744,6.76,-0.19599999999999998,0.0,1.0,0.0833956299960846,nan,-1.4516739087179302,0.0833956299960846,1.9780066013336182,0.057212430983781815,"{'collect_coal': 0.07, 'collect_diamond': 0.0, 'collect_drink': 11.62, 'collect_iron': 0.0, 'collect_sapling': 2.45, 'collect_stone': 1.99, 'collect_wood': 4.15, 'defeat_skeleton': 0.0, 'defeat_zombie': 0.02, 'eat_cow': 0.13, 'eat_plant': 0.0, 'make_iron_pickaxe': 0.0, 'make_iron_sword': 0.0, 'make_stone_pickaxe': 0.0, 'make_stone_sword': 0.0, 'make_wood_pickaxe': 0.97, 'make_wood_sword': 0.36, 'place_furnace': 0.03, 'place_plant': 2.04, 'place_stone': 1.36, 'place_table': 1.24, 'wake_up': 1.33}"
679936,6.69,-0.176,0.0,1.0,0.08868105417350307,nan,-1.495913373026997,0.08868105417350307,2.0954363346099854,0.050521206110715866,"{'collect_coal': 0.07, 'collect_diamond': 0.0, 'collect_drink': 11.43, 'collect_iron': 0.0, 'collect_sapling': 2.45, 'collect_stone': 2.0, 'collect_wood': 4.22, 'defeat_skeleton': 0.0, 'defeat_zombie': 0.01, 'eat_cow': 0.14, 'eat_plant': 0.0, 'make_iron_pickaxe': 0.0, 'make_iron_sword': 0.0, 'make_stone_pickaxe': 0.0, 'make_stone_sword': 0.0, 'make_wood_pickaxe': 0.96, 'make_wood_sword': 0.39, 'place_furnace': 0.03, 'place_plant': 2.05, 'place_stone': 1.38, 'place_table': 1.26, 'wake_up': 1.36}"
688128,6.78,-0.154,0.0,1.0,0.07871607981505804,nan,-1.449672387074679,0.07871607981505804,2.0119640827178955,0.05385924130678177,"{'collect_coal': 0.06, 'collect_diamond': 0.0, 'collect_drink': 10.5, 'collect_iron': 0.0, 'collect_sapling': 2.51, 'collect_stone': 1.98, 'collect_wood': 4.26, 'defeat_skeleton': 0.0, 'defeat_zombie': 0.04, 'eat_cow': 0.15, 'eat_plant': 0.0, 'make_iron_pickaxe': 0.0, 'make_iron_sword': 0.0, 'make_stone_pickaxe': 0.0, 'make_stone_sword': 0.0, 'make_wood_pickaxe': 0.98, 'make_wood_sword': 0.44, 'place_furnace': 0.03, 'place_plant': 2.13, 'place_stone': 1.4, 'place_table': 1.24, 'wake_up': 1.42}"
696320,6.72,-0.15099999999999997,0.0,1.0,0.0880149136923137,nan,-1.4089184475131333,0.0880149136923137,2.1335132122039795,0.04636462777853012,"{'collect_coal': 0.06, 'collect_diamond': 0.0, 'collect_drink': 10.71, 'collect_iron': 0.0, 'collect_sapling': 2.46, 'collect_stone': 1.98, 'collect_wood': 4.31, 'defeat_skeleton': 0.0, 'defeat_zombie': 0.05, 'eat_cow': 0.17, 'eat_plant': 0.0, 'make_iron_pickaxe': 0.0, 'make_iron_sword': 0.0, 'make_stone_pickaxe': 0.0, 'make_stone_sword': 0.0, 'make_wood_pickaxe': 0.99, 'make_wood_sword': 0.46, 'place_furnace': 0.03, 'place_plant': 2.09, 'place_stone': 1.4, 'place_table': 1.24, 'wake_up': 1.43}"
704512,7.0,-0.141,0.0,1.0,0.09225318121316377,nan,-1.4441911618225276,0.09225318121316377,2.2327828407287598,0.044304847717285156,"{'collect_coal': 0.07, 'collect_diamond': 0.0, 'collect_drink': 10.64, 'collect_iron': 0.0, 'collect_sapling': 2.44, 'collect_stone': 2.15, 'collect_wood': 4.32, 'defeat_skeleton': 0.0, 'defeat_zombie': 0.05, 'eat_cow': 0.18, 'eat_plant': 0.0, 'make_iron_pickaxe': 0.0, 'make_iron_sword': 0.0, 'make_stone_pickaxe': 0.0, 'make_stone_sword': 0.0, 'make_wood_pickaxe': 1.0, 'make_wood_sword': 0.5, 'place_furnace': 0.04, 'place_plant': 2.1, 'place_stone': 1.52, 'place_table': 1.23, 'wake_up': 1.44}"
712704,6.89,-0.13999999999999999,0.0,1.0,0.08776921376993414,nan,-1.4300974341109396,0.08776921376993414,2.008155345916748,0.04129084199666977,"{'collect_coal': 0.07, 'collect_diamond': 0.0, 'collect_drink': 10.57, 'collect_iron': 0.0, 'collect_sapling': 2.46, 'collect_stone': 2.07, 'collect_wood': 4.42, 'defeat_skeleton': 0.0, 'defeat_zombie': 0.06, 'eat_cow': 0.19, 'eat_plant': 0.0, 'make_iron_pickaxe': 0.0, 'make_iron_sword': 0.0, 'make_stone_pickaxe': 0.0, 'make_stone_sword': 0.0, 'make_wood_pickaxe': 0.99, 'make_wood_sword': 0.52, 'place_furnace': 0.04, 'place_plant': 2.11, 'place_stone': 1.5, 'place_table': 1.28, 'wake_up': 1.47}"
720896,6.88,-0.14399999999999996,0.0,1.0,0.09768544813268817,nan,-1.4041551907546819,0.09768544813268817,1.9883651733398438,0.0383557453751564,"{'collect_coal': 0.08, 'collect_diamond': 0.0, 'collect_drink': 10.5, 'collect_iron': 0.0, 'collect_sapling': 2.46, 'collect_stone': 2.06, 'collect_wood': 4.42, 'defeat_skeleton': 0.0, 'defeat_zombie': 0.07, 'eat_cow': 0.19, 'eat_plant': 0.0, 'make_iron_pickaxe': 0.0, 'make_iron_sword': 0.0, 'make_stone_pickaxe': 0.0, 'make_stone_sword': 0.0, 'make_wood_pickaxe': 1.02, 'make_wood_sword': 0.53, 'place_furnace': 0.05, 'place_plant': 2.09, 'place_stone': 1.45, 'place_table': 1.27, 'wake_up': 1.47}"
729088,6.66,-0.16600000000000004,0.0,1.0,0.09853370241762605,nan,-1.4454970732331276,0.09853370241762605,1.8891849517822266,0.05464930832386017,"{'collect_coal': 0.08, 'collect_diamond': 0.0, 'collect_drink': 10.48, 'collect_iron': 0.0, 'collect_sapling': 2.44, 'collect_stone': 2.05, 'collect_wood': 4.43, 'defeat_skeleton': 0.0, 'defeat_zombie': 0.08, 'eat_cow': 0.19, 'eat_plant': 0.0, 'make_iron_pickaxe': 0.0, 'make_iron_sword': 0.0, 'make_stone_pickaxe': 0.0, 'make_stone_sword': 0.0, 'make_wood_pickaxe': 0.99, 'make_wood_sword': 0.56, 'place_furnace': 0.05, 'place_plant': 2.06, 'place_stone': 1.45, 'place_table': 1.27, 'wake_up': 1.48}"
737280,6.9,-0.13999999999999999,0.0,1.0,0.08575524481711909,nan,-1.4540579496882855,0.08575524481711909,2.009359121322632,0.052407339215278625,"{'collect_coal': 0.09, 'collect_diamond': 0.0, 'collect_drink': 10.38, 'collect_iron': 0.0, 'collect_sapling': 2.37, 'collect_stone': 2.12, 'collect_wood': 4.47, 'defeat_skeleton': 0.0, 'defeat_zombie': 0.08, 'eat_cow': 0.21, 'eat_plant': 0.0, 'make_iron_pickaxe': 0.0, 'make_iron_sword': 0.0, 'make_stone_pickaxe': 0.0, 'make_stone_sword': 0.0, 'make_wood_pickaxe': 0.95, 'make_wood_sword': 0.6, 'place_furnace': 0.05, 'place_plant': 2.0, 'place_stone': 1.5, 'place_table': 1.29, 'wake_up': 1.49}"
745472,6.87,-0.13199999999999998,0.0,1.0,0.09587842877081129,nan,-1.4315952732227744,0.09587842877081129,2.1483516693115234,0.040411073714494705,"{'collect_coal': 0.08, 'collect_diamond': 0.0, 'collect_drink': 10.71, 'collect_iron': 0.0, 'collect_sapling': 2.32, 'collect_stone': 2.11, 'collect_wood': 4.58, 'defeat_skeleton': 0.0, 'defeat_zombie': 0.08, 'eat_cow': 0.22, 'eat_plant': 0.0, 'make_iron_pickaxe': 0.0, 'make_iron_sword': 0.0, 'make_stone_pickaxe': 0.0, 'make_stone_sword': 0.0, 'make_wood_pickaxe': 0.89, 'make_wood_sword': 0.63, 'place_furnace': 0.06, 'place_plant': 1.96, 'place_stone': 1.47, 'place_table': 1.37, 'wake_up': 1.54}"
753664,6.85,-0.156,0.0,1.0,0.08400571424426743,nan,-1.4113366358913482,0.08400571424426743,1.9722511768341064,0.04875677078962326,"{'collect_coal': 0.08, 'collect_diamond': 0.0, 'collect_drink': 10.66, 'collect_iron': 0.0, 'collect_sapling': 2.38, 'collect_stone': 2.04, 'collect_wood': 4.66, 'defeat_skeleton': 0.0, 'defeat_zombie': 0.08, 'eat_cow': 0.22, 'eat_plant': 0.0, 'make_iron_pickaxe': 0.0, 'make_iron_sword': 0.0, 'make_stone_pickaxe': 0.0, 'make_stone_sword': 0.0, 'make_wood_pickaxe': 0.9, 'make_wood_sword': 0.63, 'place_furnace': 0.06, 'place_plant': 2.05, 'place_stone': 1.44, 'place_table': 1.41, 'wake_up': 1.53}"
761856,6.89,-0.15299999999999997,0.0,1.0,0.09252492165396689,nan,-1.4401308693923056,0.09252492165396689,1.8938186168670654,0.05295965075492859,"{'collect_coal': 0.07, 'collect_diamond': 0.0, 'collect_drink': 11.44, 'collect_iron': 0.0, 'collect_sapling': 2.38, 'collect_stone': 2.13, 'collect_wood': 4.7, 'defeat_skeleton': 0.0, 'defeat_zombie': 0.08, 'eat_cow': 0.22, 'eat_plant': 0.0, 'make_iron_pickaxe': 0.0, 'make_iron_sword': 0.0, 'make_stone_pickaxe': 0.0, 'make_stone_sword': 0.0, 'make_wood_pickaxe': 0.87, 'make_wood_sword': 0.66, 'place_furnace': 0.06, 'place_plant': 2.02, 'place_stone': 1.52, 'place_table': 1.42, 'wake_up': 1.49}"
770048,6.93,-0.174,0.0,1.0,0.07951342326559825,nan,-1.3663208329118788,0.07951342326559825,2.0932674407958984,0.04576289653778076,"{'collect_coal': 0.08, 'collect_diamond': 0.0, 'collect_drink': 11.27, 'collect_iron': 0.0, 'collect_sapling': 2.41, 'collect_stone': 2.29, 'collect_wood': 4.71, 'defeat_skeleton': 0.0, 'defeat_zombie': 0.08, 'eat_cow': 0.21, 'eat_plant': 0.0, 'make_iron_pickaxe': 0.0, 'make_iron_sword': 0.0, 'make_stone_pickaxe': 0.0, 'make_stone_sword': 0.0, 'make_wood_pickaxe': 0.85, 'make_wood_sword': 0.66, 'place_furnace': 0.06, 'place_plant': 2.01, 'place_stone': 1.69, 'place_table': 1.43, 'wake_up': 1.49}"
778240,7.02,-0.16799999999999998,0.0,1.0,0.08740624042693526,nan,-1.4400250812992454,0.08740624042693526,2.0007214546203613,0.05274900794029236,"{'collect_coal': 0.09, 'collect_diamond': 0.0, 'collect_drink': 11.54, 'collect_iron': 0.0, 'collect_sapling': 2.4, 'collect_stone': 2.25, 'collect_wood': 4.74, 'defeat_skeleton': 0.0, 'defeat_zombie': 0.08, 'eat_cow': 0.21, 'eat_plant': 0.0, 'make_iron_pickaxe': 0.0, 'make_iron_sword': 0.0, 'make_stone_pickaxe': 0.0, 'make_stone_sword': 0.0, 'make_wood_pickaxe': 0.87, 'make_wood_sword': 0.66, 'place_furnace': 0.08, 'place_plant': 1.99, 'place_stone': 1.55, 'place_table': 1.44, 'wake_up': 1.5}"
786432,7.12,-0.165,0.0,1.0,0.10492228998336942,nan,-1.424036588240415,0.10492228998336942,1.9129143953323364,0.047790009528398514,"{'collect_coal': 0.09, 'collect_diamond': 0.0, 'collect_drink': 11.69, 'collect_iron': 0.0, 'collect_sapling': 2.38, 'collect_stone': 2.44, 'collect_wood': 4.8, 'defeat_skeleton': 0.0, 'defeat_zombie': 0.08, 'eat_cow': 0.17, 'eat_plant': 0.0, 'make_iron_pickaxe': 0.0, 'make_iron_sword': 0.0, 'make_stone_pickaxe': 0.0, 'make_stone_sword': 0.0, 'make_wood_pickaxe': 0.92, 'make_wood_sword': 0.66, 'place_furnace': 0.08, 'place_plant': 2.0, 'place_stone': 1.68, 'place_table': 1.45, 'wake_up': 1.52}"
794624,6.99,-0.184,0.0,1.0,0.09022173702687723,nan,-1.454389868490398,0.09022173702687723,1.8390445709228516,0.051279764622449875,"{'collect_coal': 0.1, 'collect_diamond': 0.0, 'collect_drink': 11.48, 'collect_iron': 0.0, 'collect_sapling': 2.43, 'collect_stone': 2.47, 'collect_wood': 4.76, 'defeat_skeleton': 0.0, 'defeat_zombie': 0.08, 'eat_cow': 0.2, 'eat_plant': 0.0, 'make_iron_pickaxe': 0.0, 'make_iron_sword': 0.0, 'make_stone_pickaxe': 0.0, 'make_stone_sword': 0.0, 'make_wood_pickaxe': 0.89, 'make_wood_sword': 0.67, 'place_furnace': 0.07, 'place_plant': 2.04, 'place_stone': 1.71, 'place_table': 1.45, 'wake_up': 1.53}"
802816,6.94,-0.19000000000000003,0.0,1.0,0.08549697194539477,nan,-1.4272775615565478,0.08549697194539477,1.9513158798217773,0.06070764362812042,"{'collect_coal': 0.13, 'collect_diamond': 0.0, 'collect_drink': 11.36, 'collect_iron': 0.0, 'collect_sapling': 2.34, 'collect_stone': 2.48, 'collect_wood': 4.74, 'defeat_skeleton': 0.0, 'defeat_zombie': 0.06, 'eat_cow': 0.19, 'eat_plant': 0.0, 'make_iron_pickaxe': 0.0, 'make_iron_sword': 0.0, 'make_stone_pickaxe': 0.0, 'make_stone_sword': 0.0, 'make_wood_pickaxe': 0.9, 'make_wood_sword': 0.65, 'place_furnace': 0.07, 'place_plant': 1.95, 'place_stone': 1.71, 'place_table': 1.45, 'wake_up': 1.5}"
811008,6.87,-0.18099999999999997,0.0,1.0,0.09199280243046815,nan,-1.4432950273156167,0.09199280243046815,1.9500619173049927,0.04466862231492996,"{'collect_coal': 0.13, 'collect_diamond': 0.0, 'collect_drink': 11.59, 'collect_iron': 0.0, 'collect_sapling': 2.3, 'collect_stone': 2.6, 'collect_wood': 4.67, 'defeat_skeleton': 0.0, 'defeat_zombie': 0.04, 'eat_cow': 0.18, 'eat_plant': 0.0, 'make_iron_pickaxe': 0.0, 'make_iron_sword': 0.0, 'make_stone_pickaxe': 0.0, 'make_stone_sword': 0.0, 'make_wood_pickaxe': 0.87, 'make_wood_sword': 0.59, 'place_furnace': 0.08, 'place_plant': 1.94, 'place_stone': 1.76, 'place_table': 1.47, 'wake_up': 1.49}"
819200,6.98,-0.17200000000000004,0.0,1.0,0.0872334500454599,nan,-1.3926762568764388,0.0872334500454599,1.9887524843215942,0.04979300871491432,"{'collect_coal': 0.15, 'collect_diamond': 0.0, 'collect_drink': 11.1, 'collect_iron': 0.0, 'collect_sapling': 2.32, 'collect_stone': 2.89, 'collect_wood': 4.71, 'defeat_skeleton': 0.0, 'defeat_zombie': 0.04, 'eat_cow': 0.17, 'eat_plant': 0.0, 'make_iron_pickaxe': 0.0, 'make_iron_sword': 0.0, 'make_stone_pickaxe': 0.0, 'make_stone_sword': 0.0, 'make_wood_pickaxe': 0.89, 'make_wood_sword': 0.6, 'place_furnace': 0.08, 'place_plant': 1.91, 'place_stone': 2.01, 'place_table': 1.48, 'wake_up': 1.48}"
827392,7.08,-0.16299999999999998,0.0,1.0,0.09939594416646287,nan,-1.4484012677334248,0.09939594416646287,1.716475486755371,0.04763472080230713,"{'collect_coal': 0.15, 'collect_diamond': 0.0, 'collect_drink': 11.83, 'collect_iron': 0.0, 'collect_sapling': 2.27, 'collect_stone': 3.09, 'collect_wood': 4.72, 'defeat_skeleton': 0.0, 'defeat_zombie': 0.04, 'eat_cow': 0.16, 'eat_plant': 0.0, 'make_iron_pickaxe': 0.0, 'make_iron_sword': 0.0, 'make_stone_pickaxe': 0.0, 'make_stone_sword': 0.0, 'make_wood_pickaxe': 0.88, 'make_wood_sword': 0.6, 'place_furnace': 0.08, 'place_plant': 1.9, 'place_stone': 2.08, 'place_table': 1.48, 'wake_up': 1.46}"
835584,7.03,-0.15,0.0,1.0,0.09068448648031335,nan,-1.3735111449845134,0.09068448648031335,2.1496939659118652,0.057153020054101944,"{'collect_coal': 0.15, 'collect_diamond': 0.0, 'collect_drink': 11.76, 'collect_iron': 0.0, 'collect_sapling': 2.22, 'collect_stone': 3.28, 'collect_wood': 4.75, 'defeat_skeleton': 0.0, 'defeat_zombie': 0.03, 'eat_cow': 0.16, 'eat_plant': 0.0, 'make_iron_pickaxe': 0.0, 'make_iron_sword': 0.0, 'make_stone_pickaxe': 0.0, 'make_stone_sword': 0.0, 'make_wood_pickaxe': 0.93, 'make_wood_sword': 0.64, 'place_furnace': 0.08, 'place_plant': 1.85, 'place_stone': 2.21, 'place_table': 1.44, 'wake_up': 1.45}"
843776,7.13,-0.165,0.0,1.0,0.08483787144941743,nan,-1.369029103592038,0.08483787144941743,1.9978785514831543,0.0497993528842926,"{'collect_coal': 0.16, 'collect_diamond': 0.0, 'collect_drink': 12.33, 'collect_iron': 0.0, 'collect_sapling': 2.22, 'collect_stone': 3.54, 'collect_wood': 4.8, 'defeat_skeleton': 0.0, 'defeat_zombie': 0.02, 'eat_cow': 0.19, 'eat_plant': 0.0, 'make_iron_pickaxe': 0.0, 'make_iron_sword': 0.0, 'make_stone_pickaxe': 0.0, 'make_stone_sword': 0.0, 'make_wood_pickaxe': 0.93, 'make_wood_sword': 0.67, 'place_furnace': 0.09, 'place_plant': 1.87, 'place_stone': 2.39, 'place_table': 1.44, 'wake_up': 1.46}"
851968,7.31,-0.15100000000000002,0.0,1.0,0.0897444952483056,nan,-1.4009631673805416,0.0897444952483056,1.8837993144989014,0.05544649064540863,"{'collect_coal': 0.15, 'collect_diamond': 0.0, 'collect_drink': 12.48, 'collect_iron': 0.0, 'collect_sapling': 2.24, 'collect_stone': 3.61, 'collect_wood': 4.84, 'defeat_skeleton': 0.0, 'defeat_zombie': 0.04, 'eat_cow': 0.2, 'eat_plant': 0.0, 'make_iron_pickaxe': 0.0, 'make_iron_sword': 0.0, 'make_stone_pickaxe': 0.0, 'make_stone_sword': 0.01, 'make_wood_pickaxe': 0.93, 'make_wood_sword': 0.69, 'place_furnace': 0.07, 'place_plant': 1.89, 'place_stone': 2.5, 'place_table': 1.45, 'wake_up': 1.46}"
860160,7.25,-0.15999999999999998,0.0,1.0,0.06671289350633743,nan,-1.376210535131395,0.06671289350633743,1.8535596132278442,0.05100657045841217,"{'collect_coal': 0.14, 'collect_diamond': 0.0, 'collect_drink': 12.42, 'collect_iron': 0.0, 'collect_sapling': 2.24, 'collect_stone': 3.63, 'collect_wood': 4.84, 'defeat_skeleton': 0.0, 'defeat_zombie': 0.03, 'eat_cow': 0.18, 'eat_plant': 0.0, 'make_iron_pickaxe': 0.0, 'make_iron_sword': 0.0, 'make_stone_pickaxe': 0.0, 'make_stone_sword': 0.01, 'make_wood_pickaxe': 0.93, 'make_wood_sword': 0.68, 'place_furnace': 0.08, 'place_plant': 1.88, 'place_stone': 2.49, 'place_table': 1.45, 'wake_up': 1.46}"
868352,7.11,-0.14699999999999996,0.0,1.0,0.09278094391484046,nan,-1.3174668606370687,0.09278094391484046,1.9581536054611206,0.05183979868888855,"{'collect_coal': 0.17, 'collect_diamond': 0.0, 'collect_drink': 11.86, 'collect_iron': 0.0, 'collect_sapling': 2.25, 'collect_stone': 4.11, 'collect_wood': 4.84, 'defeat_skeleton': 0.0, 'defeat_zombie': 0.03, 'eat_cow': 0.19, 'eat_plant': 0.0, 'make_iron_pickaxe': 0.0, 'make_iron_sword': 0.0, 'make_stone_pickaxe': 0.0, 'make_stone_sword': 0.01, 'make_wood_pickaxe': 0.95, 'make_wood_sword': 0.69, 'place_furnace': 0.09, 'place_plant': 1.91, 'place_stone': 2.88, 'place_table': 1.44, 'wake_up': 1.37}"
876544,7.11,-0.141,0.0,1.0,0.08406582972966134,nan,-1.3981387904845177,0.08406582972966134,1.9697871208190918,0.04610870033502579,"{'collect_coal': 0.15, 'collect_diamond': 0.0, 'collect_drink': 12.16, 'collect_iron': 0.0, 'collect_sapling': 2.19, 'collect_stone': 4.07, 'collect_wood': 4.84, 'defeat_skeleton': 0.0, 'defeat_zombie': 0.04, 'eat_cow': 0.18, 'eat_plant': 0.0, 'make_iron_pickaxe': 0.0, 'make_iron_sword': 0.0, 'make_stone_pickaxe': 0.0, 'make_stone_sword': 0.01, 'make_wood_pickaxe': 0.95, 'make_wood_sword': 0.71, 'place_furnace': 0.08, 'place_plant': 1.83, 'place_stone': 2.86, 'place_table': 1.43, 'wake_up': 1.39}"
884736,7.23,-0.14699999999999996,0.0,1.0,0.07676941535901279,nan,-1.3574668989516794,0.07676941535901279,2.06782603263855,0.048801809549331665,"{'collect_coal': 0.17, 'collect_diamond': 0.0, 'collect_drink': 12.29, 'collect_iron': 0.0, 'collect_sapling': 2.22, 'collect_stone': 4.23, 'collect_wood': 4.84, 'defeat_skeleton': 0.0, 'defeat_zombie': 0.04, 'eat_cow': 0.21, 'eat_plant': 0.0, 'make_iron_pickaxe': 0.0, 'make_iron_sword': 0.0, 'make_stone_pickaxe': 0.0, 'make_stone_sword': 0.01, 'make_wood_pickaxe': 0.96, 'make_wood_sword': 0.72, 'place_furnace': 0.09, 'place_plant': 1.83, 'place_stone': 2.96, 'place_table': 1.42, 'wake_up': 1.4}"
892928,7.29,-0.15199999999999997,0.0,1.0,0.08405996133369627,nan,-1.4179894468747078,0.08405996133369627,1.978219985961914,0.06007906049489975,"{'collect_coal': 0.17, 'collect_diamond': 0.0, 'collect_drink': 11.92, 'collect_iron': 0.0, 'collect_sapling': 2.15, 'collect_stone': 4.44, 'collect_wood': 4.87, 'defeat_skeleton': 0.0, 'defeat_zombie': 0.04, 'eat_cow': 0.22, 'eat_plant': 0.0, 'make_iron_pickaxe': 0.0, 'make_iron_sword': 0.0, 'make_stone_pickaxe': 0.0, 'make_stone_sword': 0.01, 'make_wood_pickaxe': 0.97, 'make_wood_sword': 0.73, 'place_furnace': 0.1, 'place_plant': 1.77, 'place_stone': 3.05, 'place_table': 1.43, 'wake_up': 1.43}"
901120,7.18,-0.17300000000000004,0.0,1.0,0.09129154465917963,nan,-1.3811426234431565,0.09129154465917963,2.072967529296875,0.05446133762598038,"{'collect_coal': 0.17, 'collect_diamond': 0.0, 'collect_drink': 12.57, 'collect_iron': 0.0, 'collect_sapling': 2.2, 'collect_stone': 4.22, 'collect_wood': 4.77, 'defeat_skeleton': 0.0, 'defeat_zombie': 0.04, 'eat_cow': 0.24, 'eat_plant': 0.0, 'make_iron_pickaxe': 0.0, 'make_iron_sword': 0.0, 'make_stone_pickaxe': 0.0, 'make_stone_sword': 0.01, 'make_wood_pickaxe': 0.96, 'make_wood_sword': 0.7, 'place_furnace': 0.1, 'place_plant': 1.83, 'place_stone': 2.93, 'place_table': 1.4, 'wake_up': 1.38}"
909312,7.26,-0.177,0.0,1.0,0.10257966037024743,nan,-1.3377171508967876,0.10257966037024743,2.0245118141174316,0.04685627669095993,"{'collect_coal': 0.15, 'collect_diamond': 0.0, 'collect_drink': 13.05, 'collect_iron': 0.0, 'collect_sapling': 2.29, 'collect_stone': 4.3, 'collect_wood': 4.78, 'defeat_skeleton': 0.0, 'defeat_zombie': 0.04, 'eat_cow': 0.23, 'eat_plant': 0.0, 'make_iron_pickaxe': 0.0, 'make_iron_sword': 0.0, 'make_stone_pickaxe': 0.0, 'make_stone_sword': 0.01, 'make_wood_pickaxe': 0.93, 'make_wood_sword': 0.7, 'place_furnace': 0.08, 'place_plant': 1.87, 'place_stone': 3.07, 'place_table': 1.43, 'wake_up': 1.34}"
917504,7.21,-0.175,0.0,1.0,0.08263546982343542,nan,-1.364844890497625,0.08263546982343542,2.211365222930908,0.05183478444814682,"{'collect_coal': 0.13, 'collect_diamond': 0.0, 'collect_drink': 13.45, 'collect_iron': 0.0, 'collect_sapling': 2.24, 'collect_stone': 4.29, 'collect_wood': 4.9, 'defeat_skeleton': 0.0, 'defeat_zombie': 0.04, 'eat_cow': 0.22, 'eat_plant': 0.0, 'make_iron_pickaxe': 0.0, 'make_iron_sword': 0.0, 'make_stone_pickaxe': 0.0, 'make_stone_sword': 0.01, 'make_wood_pickaxe': 0.92, 'make_wood_sword': 0.74, 'place_furnace': 0.08, 'place_plant': 1.82, 'place_stone': 3.11, 'place_table': 1.47, 'wake_up': 1.35}"
925696,7.28,-0.177,0.0,1.0,0.10048269437102135,nan,-1.3459298432804645,0.10048269437102135,1.846212387084961,0.04891832545399666,"{'collect_coal': 0.12, 'collect_diamond': 0.0, 'collect_drink': 13.76, 'collect_iron': 0.0, 'collect_sapling': 2.22, 'collect_stone': 4.52, 'collect_wood': 4.91, 'defeat_skeleton': 0.0, 'defeat_zombie': 0.04, 'eat_cow': 0.22, 'eat_plant': 0.0, 'make_iron_pickaxe': 0.0, 'make_iron_sword': 0.0, 'make_stone_pickaxe': 0.0, 'make_stone_sword': 0.01, 'make_wood_pickaxe': 0.92, 'make_wood_sword': 0.75, 'place_furnace': 0.08, 'place_plant': 1.79, 'place_stone': 3.24, 'place_table': 1.47, 'wake_up': 1.37}"
933888,7.41,-0.149,0.0,1.0,0.08601949982985388,nan,-1.3386061549186707,0.08601949982985388,2.0683796405792236,0.04291388392448425,"{'collect_coal': 0.13, 'collect_diamond': 0.0, 'collect_drink': 13.65, 'collect_iron': 0.0, 'collect_sapling': 2.19, 'collect_stone': 4.94, 'collect_wood': 4.98, 'defeat_skeleton': 0.0, 'defeat_zombie': 0.04, 'eat_cow': 0.23, 'eat_plant': 0.0, 'make_iron_pickaxe': 0.0, 'make_iron_sword': 0.0, 'make_stone_pickaxe': 0.0, 'make_stone_sword': 0.01, 'make_wood_pickaxe': 0.92, 'make_wood_sword': 0.77, 'place_furnace': 0.09, 'place_plant': 1.76, 'place_stone': 3.53, 'place_table': 1.49, 'wake_up': 1.4}"
942080,7.46,-0.166,0.0,1.0,0.09419524126569741,nan,-1.3742288827896119,0.09419524126569741,2.0244460105895996,0.05652699992060661,"{'collect_coal': 0.13, 'collect_diamond': 0.0, 'collect_drink': 13.63, 'collect_iron': 0.0, 'collect_sapling': 2.21, 'collect_stone': 5.01, 'collect_wood': 4.96, 'defeat_skeleton': 0.0, 'defeat_zombie': 0.04, 'eat_cow': 0.23, 'eat_plant': 0.0, 'make_iron_pickaxe': 0.0, 'make_iron_sword': 0.0, 'make_stone_pickaxe': 0.0, 'make_stone_sword': 0.01, 'make_wood_pickaxe': 0.92, 'make_wood_sword': 0.8, 'place_furnace': 0.08, 'place_plant': 1.77, 'place_stone': 3.64, 'place_table': 1.45, 'wake_up': 1.41}"
950272,7.47,-0.147,0.0,1.0,0.08532383833517088,nan,-1.371811811067164,0.08532383833517088,2.093257188796997,0.048262469470500946,"{'collect_coal': 0.1, 'collect_diamond': 0.0, 'collect_drink': 13.88, 'collect_iron': 0.0, 'collect_sapling': 2.28, 'collect_stone': 4.74, 'collect_wood': 5.03, 'defeat_skeleton': 0.0, 'defeat_zombie': 0.05, 'eat_cow': 0.24, 'eat_plant': 0.0, 'make_iron_pickaxe': 0.0, 'make_iron_sword': 0.0, 'make_stone_pickaxe': 0.0, 'make_stone_sword': 0.01, 'make_wood_pickaxe': 0.91, 'make_wood_sword': 0.83, 'place_furnace': 0.07, 'place_plant': 1.82, 'place_stone': 3.46, 'place_table': 1.47, 'wake_up': 1.4}"
958464,7.24,-0.16400000000000003,0.0,1.0,0.0809896186052356,nan,-1.3830834965221583,0.0809896186052356,2.22607159614563,0.04819435998797417,"{'collect_coal': 0.1, 'collect_diamond': 0.0, 'collect_drink': 13.32, 'collect_iron': 0.0, 'collect_sapling': 2.27, 'collect_stone': 4.78, 'collect_wood': 5.09, 'defeat_skeleton': 0.0, 'defeat_zombie': 0.05, 'eat_cow': 0.24, 'eat_plant': 0.0, 'make_iron_pickaxe': 0.0, 'make_iron_sword': 0.0, 'make_stone_pickaxe': 0.0, 'make_stone_sword': 0.01, 'make_wood_pickaxe': 0.95, 'make_wood_sword': 0.83, 'place_furnace': 0.07, 'place_plant': 1.8, 'place_stone': 3.61, 'place_table': 1.48, 'wake_up': 1.4}"
966656,7.4,-0.17900000000000002,0.0,1.0,0.0701433220616309,nan,-1.3673350890167058,0.0701433220616309,1.9812564849853516,0.04475991427898407,"{'collect_coal': 0.16, 'collect_diamond': 0.0, 'collect_drink': 13.51, 'collect_iron': 0.0, 'collect_sapling': 2.24, 'collect_stone': 4.98, 'collect_wood': 5.12, 'defeat_skeleton': 0.0, 'defeat_zombie': 0.05, 'eat_cow': 0.24, 'eat_plant': 0.0, 'make_iron_pickaxe': 0.0, 'make_iron_sword': 0.0, 'make_stone_pickaxe': 0.0, 'make_stone_sword': 0.01, 'make_wood_pickaxe': 0.92, 'make_wood_sword': 0.84, 'place_furnace': 0.09, 'place_plant': 1.77, 'place_stone': 3.7, 'place_table': 1.51, 'wake_up': 1.39}"
974848,7.41,-0.156,0.0,1.0,0.10757628584979102,nan,-1.3764928391203284,0.10757628584979102,1.8351210355758667,0.05383899062871933,"{'collect_coal': 0.15, 'collect_diamond': 0.0, 'collect_drink': 12.59, 'collect_iron': 0.0, 'collect_sapling': 2.26, 'collect_stone': 4.88, 'collect_wood': 5.04, 'defeat_skeleton': 0.0, 'defeat_zombie': 0.05, 'eat_cow': 0.19, 'eat_plant': 0.0, 'make_iron_pickaxe': 0.0, 'make_iron_sword': 0.0, 'make_stone_pickaxe': 0.0, 'make_stone_sword': 0.0, 'make_wood_pickaxe': 0.92, 'make_wood_sword': 0.8, 'place_furnace': 0.08, 'place_plant': 1.75, 'place_stone': 3.67, 'place_table': 1.5, 'wake_up': 1.39}"
983040,7.54,-0.166,0.0,1.0,0.11466472143656574,nan,-1.3585658445954323,0.11466472143656574,1.9226630926132202,0.0477411113679409,"{'collect_coal': 0.17, 'collect_diamond': 0.0, 'collect_drink': 12.46, 'collect_iron': 0.0, 'collect_sapling': 2.24, 'collect_stone': 5.01, 'collect_wood': 5.0, 'defeat_skeleton': 0.0, 'defeat_zombie': 0.02, 'eat_cow': 0.19, 'eat_plant': 0.0, 'make_iron_pickaxe': 0.0, 'make_iron_sword': 0.0, 'make_stone_pickaxe': 0.0, 'make_stone_sword': 0.0, 'make_wood_pickaxe': 0.95, 'make_wood_sword': 0.79, 'place_furnace': 0.09, 'place_plant': 1.69, 'place_stone': 3.79, 'place_table': 1.48, 'wake_up': 1.39}"
991232,7.38,-0.12699999999999997,0.0,1.0,0.1119902885198826,nan,-1.3585939340293407,0.1119902885198826,1.9022630453109741,0.049617696553468704,"{'collect_coal': 0.16, 'collect_diamond': 0.0, 'collect_drink': 13.19, 'collect_iron': 0.0, 'collect_sapling': 2.25, 'collect_stone': 4.95, 'collect_wood': 4.97, 'defeat_skeleton': 0.0, 'defeat_zombie': 0.02, 'eat_cow': 0.2, 'eat_plant': 0.0, 'make_iron_pickaxe': 0.0, 'make_iron_sword': 0.0, 'make_stone_pickaxe': 0.0, 'make_stone_sword': 0.0, 'make_wood_pickaxe': 0.95, 'make_wood_sword': 0.77, 'place_furnace': 0.1, 'place_plant': 1.7, 'place_stone': 3.69, 'place_table': 1.47, 'wake_up': 1.39}"
999424,7.32,-0.16099999999999998,0.0,1.0,0.1032356062103645,nan,-1.2969510830007493,0.1032356062103645,1.8828188180923462,0.05487408488988876,"{'collect_coal': 0.18, 'collect_diamond': 0.0, 'collect_drink': 12.77, 'collect_iron': 0.0, 'collect_sapling': 2.23, 'collect_stone': 5.02, 'collect_wood': 4.96, 'defeat_skeleton': 0.0, 'defeat_zombie': 0.01, 'eat_cow': 0.2, 'eat_plant': 0.0, 'make_iron_pickaxe': 0.0, 'make_iron_sword': 0.0, 'make_stone_pickaxe': 0.0, 'make_stone_sword': 0.0, 'make_wood_pickaxe': 0.99, 'make_wood_sword': 0.79, 'place_furnace': 0.1, 'place_plant': 1.66, 'place_stone': 3.76, 'place_table': 1.44, 'wake_up': 1.39}"
1007616,7.34,-0.16699999999999998,0.0,1.0,0.10794282725546508,nan,-1.3132556772790849,0.10794282725546508,1.9731202125549316,0.05197761952877045,"{'collect_coal': 0.18, 'collect_diamond': 0.0, 'collect_drink': 12.95, 'collect_iron': 0.0, 'collect_sapling': 2.26, 'collect_stone': 4.88, 'collect_wood': 4.96, 'defeat_skeleton': 0.0, 'defeat_zombie': 0.02, 'eat_cow': 0.23, 'eat_plant': 0.0, 'make_iron_pickaxe': 0.0, 'make_iron_sword': 0.0, 'make_stone_pickaxe': 0.0, 'make_stone_sword': 0.0, 'make_wood_pickaxe': 0.97, 'make_wood_sword': 0.75, 'place_furnace': 0.1, 'place_plant': 1.72, 'place_stone': 3.65, 'place_table': 1.47, 'wake_up': 1.38}"
